model,anonymized_train,anonymized_test,accuracy,precision,recall,f1_score,selected_features,feature_method,num_features
KNN,True,True,0.7932709515491387,0.8431565599519285,0.7932709515491387,0.7817624106846165,"[46, 76]",anova,2
KNN,True,False,0.8774001431740484,0.8914843089525321,0.8774001431740484,0.8762970386036032,"[46, 76]",anova,2
KNN,False,True,0.829418527880605,0.8832018338673356,0.829418527880605,0.8178126384883161,"[46, 76]",anova,2
KNN,False,False,0.9997300005999401,0.9997301091371223,0.9997300005999401,0.9997300005846134,"[46, 76]",anova,2
Decision Tree,True,True,0.7286102572431497,0.8133777691925429,0.7286102572431497,0.707744216900307,"[46, 76]",anova,2
Decision Tree,True,False,0.7807300239559064,0.8214607947003677,0.7807300239559064,0.7735551626430834,"[46, 76]",anova,2
Decision Tree,False,True,0.7929610348482438,0.8620732659655751,0.7929610348482438,0.7741491224067966,"[46, 76]",anova,2
Decision Tree,False,False,0.999620000999914,0.9996200405723069,0.999620000999914,0.999620000993254,"[46, 76]",anova,2
Random Forest,True,True,0.7625505687468226,0.8309255420054452,0.7625505687468226,0.7481432552636537,"[46, 76]",anova,2
Random Forest,True,False,0.7174694684488093,0.8041196519306221,0.7174694684488093,0.6866548708087089,"[46, 76]",anova,2
Random Forest,False,True,0.917779412989426,0.9344276338629666,0.917779412989426,0.9153297014989484,"[46, 76]",anova,2
Random Forest,False,False,0.999620000999914,0.9996200405723069,0.999620000999914,0.999620000993254,"[46, 76]",anova,2
GaussianNB,True,True,0.7776200933545905,0.81361371662167,0.7776200933545905,0.7710644349787268,"[46, 76]",anova,2
GaussianNB,True,False,0.6878318783187831,0.629264326085897,0.6878318783187831,0.6279147009268597,"[46, 76]",anova,2
GaussianNB,False,True,0.7490297810519954,0.6775614906471148,0.7490297810519954,0.6912468221787161,"[46, 76]",anova,2
GaussianNB,False,False,0.99083003159785,0.9910053409180666,0.99083003159785,0.9908289974393331,"[46, 76]",anova,2
Mutilayer Perceptron,True,True,0.7797700374555795,0.8170492168098392,0.7797700374555795,0.7731008092774946,"[46, 76]",anova,2
Mutilayer Perceptron,True,False,0.7775300630548755,0.8134249525459989,0.7775300630548755,0.7709751294654748,"[46, 76]",anova,2
Mutilayer Perceptron,False,True,0.8026509976505537,0.8513698233623499,0.8026509976505537,0.7911988480302727,"[46, 76]",anova,2
Mutilayer Perceptron,False,False,0.999570001099903,0.9995700256831711,0.999570001099903,0.999570001096015,"[46, 76]",anova,2
KNN,True,True,0.7415494284540253,0.8157365932531375,0.7415494284540253,0.7239680065188203,"[46, 47, 76]",anova,3
KNN,True,False,0.8517608071622806,0.876166706299497,0.8517608071622806,0.8473270695225247,"[46, 47, 76]",anova,3
KNN,False,True,0.7571798826526095,0.8010210603712536,0.7571798826526095,0.7474619729367781,"[46, 47, 76]",anova,3
KNN,False,False,0.999750000499945,0.9997501306297777,0.999750000499945,0.9997500004828453,"[46, 47, 76]",anova,3
Decision Tree,True,True,0.6269805555198409,0.748946523880635,0.6269805555198409,0.5549991860509809,"[46, 47, 76]",anova,3
Decision Tree,True,False,0.8409584569836218,0.8912833281667317,0.8409584569836218,0.8300318091491107,"[46, 47, 76]",anova,3
Decision Tree,False,True,0.7937709439493147,0.8424400002485869,0.7937709439493147,0.7825962525708173,"[46, 47, 76]",anova,3
Decision Tree,False,False,0.999750000499945,0.9997501306297777,0.999750000499945,0.9997500004828453,"[46, 47, 76]",anova,3
Random Forest,True,True,0.8431307220614054,0.8696082196506509,0.8431307220614054,0.8382983431544696,"[46, 47, 76]",anova,3
Random Forest,True,False,0.7838001287554724,0.8275472665665812,0.7838001287554724,0.7764480611529535,"[46, 47, 76]",anova,3
Random Forest,False,True,0.7915499026592835,0.8372223927671355,0.7915499026592835,0.784309949743105,"[46, 47, 76]",anova,3
Random Forest,False,False,0.999750000499945,0.9997501306297777,0.999750000499945,0.9997500004828453,"[46, 47, 76]",anova,3
GaussianNB,True,True,0.5963608631106411,0.6057788625662969,0.5963608631106411,0.48706366947150165,"[46, 47, 76]",anova,3
GaussianNB,True,False,0.8007403221569266,0.8289180369973289,0.8007403221569266,0.7959009858765097,"[46, 47, 76]",anova,3
GaussianNB,False,True,0.6232712327123271,0.4655714271879206,0.6232712327123271,0.5114124273539048,"[46, 47, 76]",anova,3
GaussianNB,False,False,0.990389988498193,0.9905686615061627,0.990389988498193,0.9903889507052037,"[46, 47, 76]",anova,3
Mutilayer Perceptron,True,True,0.643951243616354,0.7295273058686139,0.643951243616354,0.5916797939029433,"[46, 47, 76]",anova,3
Mutilayer Perceptron,True,False,0.8415189728785749,0.8713471712965514,0.8415189728785749,0.8368651223334397,"[46, 47, 76]",anova,3
Mutilayer Perceptron,False,True,0.7962481976772727,0.8666161619259286,0.7962481976772727,0.7781861170289065,"[46, 47, 76]",anova,3
Mutilayer Perceptron,False,False,0.999680000699929,0.9996800690534099,0.999680000699929,0.9996800006885982,"[46, 47, 76]",anova,3
KNN,True,True,0.6535397936327717,0.7631854186579269,0.6535397936327717,0.6113219626958141,"[1, 46, 47, 76]",anova,4
KNN,True,False,0.69285137202485,0.7806621846783072,0.69285137202485,0.6527422765017921,"[1, 46, 47, 76]",anova,4
KNN,False,True,0.6603406794252739,0.7689618302890239,0.6603406794252739,0.6184124281663399,"[1, 46, 47, 76]",anova,4
KNN,False,False,0.999750000499945,0.9997501306297777,0.999750000499945,0.9997500004828453,"[1, 46, 47, 76]",anova,4
Decision Tree,True,True,0.44827792521040344,0.446955384947412,0.44827792521040344,0.4287815559634727,"[1, 46, 47, 76]",anova,4
Decision Tree,True,False,0.6913189747485163,0.6401894231053104,0.6913189747485163,0.6305419261998287,"[1, 46, 47, 76]",anova,4
Decision Tree,False,True,0.6612686064461893,0.6236144343659983,0.6612686064461893,0.594221877173808,"[1, 46, 47, 76]",anova,4
Decision Tree,False,False,0.999740000399944,0.9997401383251292,0.999740000399944,0.9997400003815843,"[1, 46, 47, 76]",anova,4
Random Forest,True,True,0.7179594733488583,0.7921991218498793,0.7179594733488583,0.6975830642170183,"[1, 46, 47, 76]",anova,4
Random Forest,True,False,0.6510595258349535,0.6183854851407035,0.6510595258349535,0.5890022082517583,"[1, 46, 47, 76]",anova,4
Random Forest,False,True,0.5840898164186538,0.6733229860860946,0.5840898164186538,0.539453068456785,"[1, 46, 47, 76]",anova,4
Random Forest,False,False,0.999740000399944,0.9997401383251292,0.999740000399944,0.9997400003815843,"[1, 46, 47, 76]",anova,4
GaussianNB,True,True,0.4737587131076207,0.4219331424908808,0.4737587131076207,0.3742264464962732,"[1, 46, 47, 76]",anova,4
GaussianNB,True,False,0.6557068858622829,0.4896918947610526,0.6557068858622829,0.5445843433116312,"[1, 46, 47, 76]",anova,4
GaussianNB,False,True,0.38026857799027386,0.3958886053358294,0.38026857799027386,0.2898611853999227,"[1, 46, 47, 76]",anova,4
GaussianNB,False,False,0.989539993197976,0.9897557770558181,0.989539993197976,0.9895386041319938,"[1, 46, 47, 76]",anova,4
Mutilayer Perceptron,True,True,0.5686478029357002,0.49205812507754026,0.5686478029357002,0.48149813869276264,"[1, 46, 47, 76]",anova,4
Mutilayer Perceptron,True,False,0.7604196723553605,0.8249725802281059,0.7604196723553605,0.7465949601558153,"[1, 46, 47, 76]",anova,4
Mutilayer Perceptron,False,True,0.6302004992210479,0.7590119122441209,0.6302004992210479,0.5733842778522865,"[1, 46, 47, 76]",anova,4
Mutilayer Perceptron,False,False,0.999660001699915,0.9996600604667379,0.999660001699915,0.9996600016916078,"[1, 46, 47, 76]",anova,4
KNN,True,True,0.3988997938818411,0.26762612864971885,0.3988997938818411,0.3015977827751446,"[1, 45, 46, 47, 76]",anova,5
KNN,True,False,0.7760898530566873,0.8321583917228969,0.7760898530566873,0.7659702835715351,"[1, 45, 46, 47, 76]",anova,5
KNN,False,True,0.56920069200692,0.4384060510467836,0.56920069200692,0.44899369931943234,"[1, 45, 46, 47, 76]",anova,5
KNN,False,False,0.999780004399912,0.9997802440738764,0.999780004399912,0.9997800043207167,"[1, 45, 46, 47, 76]",anova,5
Decision Tree,True,True,0.6681006904267158,0.7746939912523709,0.6681006904267158,0.6220373281001893,"[1, 45, 46, 47, 76]",anova,5
Decision Tree,True,False,0.6411414114141142,0.6110859674454293,0.6411414114141142,0.5713725206108872,"[1, 45, 46, 47, 76]",anova,5
Decision Tree,False,True,0.591590555612762,0.5154943264563548,0.591590555612762,0.5318665688614164,"[1, 45, 46, 47, 76]",anova,5
Decision Tree,False,False,0.999620002799896,0.999620320437422,0.999620002799896,0.9996200027113403,"[1, 45, 46, 47, 76]",anova,5
Random Forest,True,True,0.5480184429251744,0.5783963845153038,0.5480184429251744,0.5266870417725112,"[1, 45, 46, 47, 76]",anova,5
Random Forest,True,False,0.6342833209936467,0.6247582083213966,0.6342833209936467,0.6069032957851909,"[1, 45, 46, 47, 76]",anova,5
Random Forest,False,True,0.4904921926761716,0.41259700063617233,0.4904921926761716,0.406400960219365,"[1, 45, 46, 47, 76]",anova,5
Random Forest,False,False,0.999620002799896,0.999620320437422,0.999620002799896,0.9996200027113403,"[1, 45, 46, 47, 76]",anova,5
GaussianNB,True,True,0.720781209732059,0.8005060642461771,0.720781209732059,0.6917866647671517,"[1, 45, 46, 47, 76]",anova,5
GaussianNB,True,False,0.560210593406108,0.7683225021669332,0.560210593406108,0.4373402244605898,"[1, 45, 46, 47, 76]",anova,5
GaussianNB,False,True,0.5989309893098931,0.44821985627273037,0.5989309893098931,0.4853827402068553,"[1, 45, 46, 47, 76]",anova,5
GaussianNB,False,False,0.994979974699249,0.9950359907793223,0.994979974699249,0.9949798035234378,"[1, 45, 46, 47, 76]",anova,5
Mutilayer Perceptron,True,True,0.5696795451184847,0.5689653470098436,0.5696795451184847,0.4743243756019677,"[1, 45, 46, 47, 76]",anova,5
Mutilayer Perceptron,True,False,0.7348091228557333,0.8124955211677282,0.7348091228557333,0.7068329209518341,"[1, 45, 46, 47, 76]",anova,5
Mutilayer Perceptron,False,True,0.42428749030995444,0.3792044538140562,0.42428749030995444,0.36822717578037517,"[1, 45, 46, 47, 76]",anova,5
Mutilayer Perceptron,False,False,0.999750000499945,0.9997501306297777,0.999750000499945,0.9997500004828453,"[1, 45, 46, 47, 76]",anova,5
KNN,True,True,0.5720224898895055,0.506870527281042,0.5720224898895055,0.5290445556787453,"[1, 45, 46, 47, 76, 77]",anova,6
KNN,True,False,0.7772500857545924,0.8130024356527511,0.7772500857545924,0.7707119178319063,"[1, 45, 46, 47, 76, 77]",anova,6
KNN,False,True,0.5470665359440539,0.48141809189422485,0.5470665359440539,0.5008426958372331,"[1, 45, 46, 47, 76, 77]",anova,6
KNN,False,False,0.999990000199996,0.999990000799936,0.999990000199996,0.999990000199987,"[1, 45, 46, 47, 76, 77]",anova,6
Decision Tree,True,True,0.43812291275849696,0.38895833617225617,0.43812291275849696,0.3705463717737125,"[1, 45, 46, 47, 76, 77]",anova,6
Decision Tree,True,False,0.7360223602236022,0.6885243662928694,0.7360223602236022,0.6714175442029678,"[1, 45, 46, 47, 76, 77]",anova,6
Decision Tree,False,True,0.8190592537712741,0.8477891139299348,0.8190592537712741,0.8144359260909465,"[1, 45, 46, 47, 76, 77]",anova,6
Decision Tree,False,False,1.0,1.0,1.0,1.0,"[1, 45, 46, 47, 76, 77]",anova,6
Random Forest,True,True,0.5597206713052311,0.4207109631084778,0.5597206713052311,0.4417108613841316,"[1, 45, 46, 47, 76, 77]",anova,6
Random Forest,True,False,0.7318223182231822,0.6629492763006785,0.7318223182231822,0.673971716852218,"[1, 45, 46, 47, 76, 77]",anova,6
Random Forest,False,True,0.6750007255277448,0.7869637818060803,0.6750007255277448,0.6358605903844956,"[1, 45, 46, 47, 76, 77]",anova,6
Random Forest,False,False,0.999990000199996,0.999990000799936,0.999990000199996,0.999990000199987,"[1, 45, 46, 47, 76, 77]",anova,6
GaussianNB,True,True,0.5931509315093152,0.4384975314768329,0.5931509315093152,0.4798778093860945,"[1, 45, 46, 47, 76, 77]",anova,6
GaussianNB,True,False,0.6927992415461445,0.797368766169431,0.6927992415461445,0.6595945684118558,"[1, 45, 46, 47, 76, 77]",anova,6
GaussianNB,False,True,0.4506079287108345,0.35673067254948937,0.4506079287108345,0.39076733374568473,"[1, 45, 46, 47, 76, 77]",anova,6
GaussianNB,False,False,0.9950599811991999,0.9951028893909798,0.9950599811991999,0.9950598592258336,"[1, 45, 46, 47, 76, 77]",anova,6
Mutilayer Perceptron,True,True,0.43569194256771265,0.4526005650187263,0.43569194256771265,0.43216678348023047,"[1, 45, 46, 47, 76, 77]",anova,6
Mutilayer Perceptron,True,False,0.8270205579598245,0.8509183120025207,0.8270205579598245,0.8226231658021059,"[1, 45, 46, 47, 76, 77]",anova,6
Mutilayer Perceptron,False,True,0.6956610062290699,0.802373734097408,0.6956610062290699,0.6581485601996232,"[1, 45, 46, 47, 76, 77]",anova,6
Mutilayer Perceptron,False,False,0.99990000199996,0.9999000619615838,0.99990000199996,0.9999000019909605,"[1, 45, 46, 47, 76, 77]",anova,6
KNN,True,True,0.5006415543845845,0.4631481294593032,0.5006415543845845,0.4292597917887397,"[1, 45, 46, 47, 68, 76, 77]",anova,7
KNN,True,False,0.8422907307611506,0.8657317422363361,0.8422907307611506,0.8379370144963015,"[1, 45, 46, 47, 68, 76, 77]",anova,7
KNN,False,True,0.7716197339569844,0.8121618374099154,0.7716197339569844,0.7647717184996349,"[1, 45, 46, 47, 68, 76, 77]",anova,7
KNN,False,False,0.999990000199996,0.999990000799936,0.999990000199996,0.999990000199987,"[1, 45, 46, 47, 68, 76, 77]",anova,7
Decision Tree,True,True,0.891608918789134,0.9099190001670867,0.891608918789134,0.8890386660275346,"[1, 45, 46, 47, 68, 76, 77]",anova,7
Decision Tree,True,False,0.42426655981925515,0.35590190958087703,0.42426655981925515,0.36952290328216647,"[1, 45, 46, 47, 68, 76, 77]",anova,7
Decision Tree,False,True,0.7032901225394327,0.7176746961381196,0.7032901225394327,0.7002187459257923,"[1, 45, 46, 47, 68, 76, 77]",anova,7
Decision Tree,False,False,1.0,1.0,1.0,1.0,"[1, 45, 46, 47, 68, 76, 77]",anova,7
Random Forest,True,True,0.39890113246845554,0.4385954673261156,0.39890113246845554,0.3685586545504169,"[1, 45, 46, 47, 68, 76, 77]",anova,7
Random Forest,True,False,0.5821711526049081,0.44829436244612014,0.5821711526049081,0.4793476713672781,"[1, 45, 46, 47, 68, 76, 77]",anova,7
Random Forest,False,True,0.719461245731435,0.793362220157904,0.719461245731435,0.690877186922113,"[1, 45, 46, 47, 68, 76, 77]",anova,7
Random Forest,False,False,0.999990000199996,0.999990000799936,0.999990000199996,0.999990000199987,"[1, 45, 46, 47, 68, 76, 77]",anova,7
GaussianNB,True,True,0.7531825318253184,0.6830973151358032,0.7531825318253184,0.6954128058419976,"[1, 45, 46, 47, 68, 76, 77]",anova,7
GaussianNB,True,False,0.7429096844517374,0.8310111990581053,0.7429096844517374,0.7224679213198447,"[1, 45, 46, 47, 68, 76, 77]",anova,7
GaussianNB,False,True,0.6449087368416133,0.7845262147334319,0.6449087368416133,0.5745733032338761,"[1, 45, 46, 47, 68, 76, 77]",anova,7
GaussianNB,False,False,0.9951299818992069,0.9951714730006619,0.9951299818992069,0.9951298658976816,"[1, 45, 46, 47, 68, 76, 77]",anova,7
Mutilayer Perceptron,True,True,0.7080978402632169,0.6941384946860946,0.7080978402632169,0.6976181944208478,"[1, 45, 46, 47, 68, 76, 77]",anova,7
Mutilayer Perceptron,True,False,0.7767100812545294,0.8121280763011818,0.7767100812545294,0.7701985101293104,"[1, 45, 46, 47, 68, 76, 77]",anova,7
Mutilayer Perceptron,False,True,0.6867802172351837,0.7098992716329259,0.6867802172351837,0.6777943975177037,"[1, 45, 46, 47, 68, 76, 77]",anova,7
Mutilayer Perceptron,False,False,0.999819998499979,0.9998201723318857,0.999819998499979,0.9998199984583526,"[1, 45, 46, 47, 68, 76, 77]",anova,7
KNN,True,True,0.4001325622544039,0.426631568791028,0.4001325622544039,0.38310093888059443,"[1, 45, 46, 47, 53, 68, 76, 77]",anova,8
KNN,True,False,0.7773300871545944,0.8131409694560309,0.7773300871545944,0.7707883898028055,"[1, 45, 46, 47, 53, 68, 76, 77]",anova,8
KNN,False,True,0.45891815341024955,0.4521029365565867,0.45891815341024955,0.4020923800984623,"[1, 45, 46, 47, 53, 68, 76, 77]",anova,8
KNN,False,False,0.999980000099995,0.9999800012998931,0.999980000099995,0.9999800000999679,"[1, 45, 46, 47, 53, 68, 76, 77]",anova,8
Decision Tree,True,True,0.7046870495704417,0.686059269033073,0.7046870495704417,0.6788931413142251,"[1, 45, 46, 47, 53, 68, 76, 77]",anova,8
Decision Tree,True,False,0.5964609646096461,0.45060438496045796,0.5964609646096461,0.4820903279746765,"[1, 45, 46, 47, 53, 68, 76, 77]",anova,8
Decision Tree,False,True,0.8948816361626147,0.9009989544271623,0.8948816361626147,0.893370409268945,"[1, 45, 46, 47, 53, 68, 76, 77]",anova,8
Decision Tree,False,False,1.0,1.0,1.0,1.0,"[1, 45, 46, 47, 53, 68, 76, 77]",anova,8
Random Forest,True,True,0.5562808643026131,0.43312360815088113,0.5562808643026131,0.44097711525328237,"[1, 45, 46, 47, 53, 68, 76, 77]",anova,8
Random Forest,True,False,0.6004510045100452,0.45064173696122456,0.6004510045100452,0.48687316139040604,"[1, 45, 46, 47, 53, 68, 76, 77]",anova,8
Random Forest,False,True,0.7988210841489227,0.8676295470029021,0.7988210841489227,0.7799835061787596,"[1, 45, 46, 47, 53, 68, 76, 77]",anova,8
Random Forest,False,False,0.999990000199996,0.999990000799936,0.999990000199996,0.999990000199987,"[1, 45, 46, 47, 53, 68, 76, 77]",anova,8
GaussianNB,True,True,0.5320391855145526,0.5040738743487948,0.5320391855145526,0.4510032468647134,"[1, 45, 46, 47, 53, 68, 76, 77]",anova,8
GaussianNB,True,False,0.6410802759254568,0.7903561830496107,0.6410802759254568,0.5875047152580704,"[1, 45, 46, 47, 53, 68, 76, 77]",anova,8
GaussianNB,False,True,0.5465377531317762,0.4747186128061524,0.5465377531317762,0.4886758534432108,"[1, 45, 46, 47, 53, 68, 76, 77]",anova,8
GaussianNB,False,False,0.995309983999222,0.9953471950973941,0.995309983999222,0.9953098857360215,"[1, 45, 46, 47, 53, 68, 76, 77]",anova,8
Mutilayer Perceptron,True,True,0.6736117361173611,0.5943445949614197,0.6736117361173611,0.6177477456905279,"[1, 45, 46, 47, 53, 68, 76, 77]",anova,8
Mutilayer Perceptron,True,False,0.7765900827544905,0.8119383346980067,0.7765900827544905,0.7700847623925261,"[1, 45, 46, 47, 53, 68, 76, 77]",anova,8
Mutilayer Perceptron,False,True,0.6338494101326686,0.6695406752375456,0.6338494101326686,0.6233953278536551,"[1, 45, 46, 47, 53, 68, 76, 77]",anova,8
Mutilayer Perceptron,False,False,0.9998799990999849,0.9998800386790583,0.9998799990999849,0.9998799990949179,"[1, 45, 46, 47, 53, 68, 76, 77]",anova,8
KNN,True,True,0.5979292174274115,0.6250424601139168,0.5979292174274115,0.5886257744107759,"[1, 45, 46, 47, 53, 56, 68, 76, 77]",anova,9
KNN,True,False,0.6519988230421693,0.6760681987544764,0.6519988230421693,0.6475500074895444,"[1, 45, 46, 47, 53, 56, 68, 76, 77]",anova,9
KNN,False,True,0.6282483788418612,0.6239851527866841,0.6282483788418612,0.5469798670132445,"[1, 45, 46, 47, 53, 56, 68, 76, 77]",anova,9
KNN,False,False,0.999980000099995,0.9999800012998931,0.999980000099995,0.9999800000999679,"[1, 45, 46, 47, 53, 56, 68, 76, 77]",anova,9
Decision Tree,True,True,0.40949094437245454,0.43435858527478216,0.40949094437245454,0.38966616184231756,"[1, 45, 46, 47, 53, 56, 68, 76, 77]",anova,9
Decision Tree,True,False,0.7408601802463696,0.6904757930596896,0.7408601802463696,0.6776173280065118,"[1, 45, 46, 47, 53, 56, 68, 76, 77]",anova,9
Decision Tree,False,True,0.7846695023619102,0.8062428050098082,0.7846695023619102,0.7810707170430818,"[1, 45, 46, 47, 53, 56, 68, 76, 77]",anova,9
Decision Tree,False,False,1.0,1.0,1.0,1.0,"[1, 45, 46, 47, 53, 56, 68, 76, 77]",anova,9
Random Forest,True,True,0.6265303149221568,0.7618217614694145,0.6265303149221568,0.5685863970741005,"[1, 45, 46, 47, 53, 56, 68, 76, 77]",anova,9
Random Forest,True,False,0.6949819498194981,0.6416702204898102,0.6949819498194981,0.6347392409229394,"[1, 45, 46, 47, 53, 56, 68, 76, 77]",anova,9
Random Forest,False,True,0.7887798740590153,0.8326693230580672,0.7887798740590153,0.7816746027586764,"[1, 45, 46, 47, 53, 56, 68, 76, 77]",anova,9
Random Forest,False,False,0.999990000199996,0.999990000799936,0.999990000199996,0.999990000199987,"[1, 45, 46, 47, 53, 56, 68, 76, 77]",anova,9
GaussianNB,True,True,0.5000000000000001,0.250000000150003,0.5000000000000001,0.333333333422224,"[1, 45, 46, 47, 53, 56, 68, 76, 77]",anova,9
GaussianNB,True,False,0.6648305134278317,0.7376956763598822,0.6648305134278317,0.6361250692242959,"[1, 45, 46, 47, 53, 56, 68, 76, 77]",anova,9
GaussianNB,False,True,0.3988389883898839,0.22036315037144397,0.3988389883898839,0.28337537297137333,"[1, 45, 46, 47, 53, 56, 68, 76, 77]",anova,9
GaussianNB,False,False,0.982610012396398,0.983171474792587,0.982610012396398,0.9826047772195629,"[1, 45, 46, 47, 53, 56, 68, 76, 77]",anova,9
Mutilayer Perceptron,True,True,0.4392777353105024,0.37038239211490837,0.4392777353105024,0.3707853397481222,"[1, 45, 46, 47, 53, 56, 68, 76, 77]",anova,9
Mutilayer Perceptron,True,False,0.8443807573613026,0.8680676003741564,0.8443807573613026,0.8400217964430726,"[1, 45, 46, 47, 53, 56, 68, 76, 77]",anova,9
Mutilayer Perceptron,False,True,0.6346904280226578,0.7184446891204882,0.6346904280226578,0.5949996156261093,"[1, 45, 46, 47, 53, 56, 68, 76, 77]",anova,9
Mutilayer Perceptron,False,False,0.999990000199996,0.999990000799936,0.999990000199996,0.999990000199987,"[1, 45, 46, 47, 53, 56, 68, 76, 77]",anova,9
KNN,True,True,0.5350808397986182,0.48413421339041274,0.5350808397986182,0.4711349228318322,"[1, 14, 45, 46, 47, 53, 56, 68, 76, 77]",anova,10
KNN,True,False,0.7782000694549455,0.8145183982036465,0.7782000694549455,0.7716125302450719,"[1, 14, 45, 46, 47, 53, 56, 68, 76, 77]",anova,10
KNN,False,True,0.4350593505935059,0.3800405247697552,0.4350593505935059,0.365155778886563,"[1, 14, 45, 46, 47, 53, 56, 68, 76, 77]",anova,10
KNN,False,False,0.999980000099995,0.9999800012998931,0.999980000099995,0.9999800000999679,"[1, 14, 45, 46, 47, 53, 56, 68, 76, 77]",anova,10
Decision Tree,True,True,0.502740027400274,0.41735239254081785,0.502740027400274,0.3393370243907959,"[1, 14, 45, 46, 47, 53, 56, 68, 76, 77]",anova,10
Decision Tree,True,False,0.7726087532669892,0.8492854519515008,0.7726087532669892,0.7545446373314385,"[1, 14, 45, 46, 47, 53, 56, 68, 76, 77]",anova,10
Decision Tree,False,True,0.853918571285071,0.8789889857640537,0.853918571285071,0.8495326622105389,"[1, 14, 45, 46, 47, 53, 56, 68, 76, 77]",anova,10
Decision Tree,False,False,1.0,1.0,1.0,1.0,"[1, 14, 45, 46, 47, 53, 56, 68, 76, 77]",anova,10
Random Forest,True,True,0.5044938779621192,0.5578592455990633,0.5044938779621192,0.47467813501173844,"[1, 14, 45, 46, 47, 53, 56, 68, 76, 77]",anova,10
Random Forest,True,False,0.6349402145248428,0.6277405288888149,0.6349402145248428,0.5536815678037804,"[1, 14, 45, 46, 47, 53, 56, 68, 76, 77]",anova,10
Random Forest,False,True,0.715651336629764,0.7751919902173577,0.715651336629764,0.6886858351359191,"[1, 14, 45, 46, 47, 53, 56, 68, 76, 77]",anova,10
Random Forest,False,False,0.999980000099995,0.9999800012998931,0.999980000099995,0.9999800000999679,"[1, 14, 45, 46, 47, 53, 56, 68, 76, 77]",anova,10
GaussianNB,True,True,0.5648606486064861,0.4367954780234488,0.5648606486064861,0.44327594070099835,"[1, 14, 45, 46, 47, 53, 56, 68, 76, 77]",anova,10
GaussianNB,True,False,0.6577604427271248,0.7966396300787464,0.6577604427271248,0.6102614329854795,"[1, 14, 45, 46, 47, 53, 56, 68, 76, 77]",anova,10
GaussianNB,False,True,0.4996715740841935,0.5110052057799496,0.4996715740841935,0.4968441274512034,"[1, 14, 45, 46, 47, 53, 56, 68, 76, 77]",anova,10
GaussianNB,False,False,0.9593200227916361,0.9623141294152094,0.9593200227916361,0.959253592155742,"[1, 14, 45, 46, 47, 53, 56, 68, 76, 77]",anova,10
Mutilayer Perceptron,True,True,0.6970719707197072,0.656397013885566,0.6970719707197072,0.6307973224286675,"[1, 14, 45, 46, 47, 53, 56, 68, 76, 77]",anova,10
Mutilayer Perceptron,True,False,0.7767100812545294,0.8121280763011818,0.7767100812545294,0.7701985101293104,"[1, 14, 45, 46, 47, 53, 56, 68, 76, 77]",anova,10
Mutilayer Perceptron,False,True,0.44754881700133975,0.365804251958127,0.44754881700133975,0.38681781291077244,"[1, 14, 45, 46, 47, 53, 56, 68, 76, 77]",anova,10
Mutilayer Perceptron,False,False,0.999990000199996,0.999990000799936,0.999990000199996,0.999990000199987,"[1, 14, 45, 46, 47, 53, 56, 68, 76, 77]",anova,10
KNN,True,True,0.521070210702107,0.42604450323942405,0.521070210702107,0.4558590262311742,"[1, 2, 12, 14, 15, 27, 45, 46, 47, 53, 56, 66, 68, 76, 77]",anova,15
KNN,True,False,0.7433507478411917,0.7768918348096238,0.7433507478411917,0.7349936182646849,"[1, 2, 12, 14, 15, 27, 45, 46, 47, 53, 56, 66, 68, 76, 77]",anova,15
KNN,False,True,0.4462278651105945,0.4455092462801889,0.4462278651105945,0.4125792415821628,"[1, 2, 12, 14, 15, 27, 45, 46, 47, 53, 56, 66, 68, 76, 77]",anova,15
KNN,False,False,0.999970000299991,0.9999700008999491,0.999970000299991,0.9999700002999728,"[1, 2, 12, 14, 15, 27, 45, 46, 47, 53, 56, 66, 68, 76, 77]",anova,15
Decision Tree,True,True,0.5790380781350263,0.49945682680192754,0.5790380781350263,0.49979336020512527,"[1, 2, 12, 14, 15, 27, 45, 46, 47, 53, 56, 66, 68, 76, 77]",anova,15
Decision Tree,True,False,0.6665816658166582,0.4999150478011909,0.6665816658166582,0.555471110305271,"[1, 2, 12, 14, 15, 27, 45, 46, 47, 53, 56, 66, 68, 76, 77]",anova,15
Decision Tree,False,True,0.8441387455813719,0.8693151068584046,0.8441387455813719,0.8397782550839454,"[1, 2, 12, 14, 15, 27, 45, 46, 47, 53, 56, 66, 68, 76, 77]",anova,15
Decision Tree,False,False,1.0,1.0,1.0,1.0,"[1, 2, 12, 14, 15, 27, 45, 46, 47, 53, 56, 66, 68, 76, 77]",anova,15
Random Forest,True,True,0.7462804801444546,0.8126341858651177,0.7462804801444546,0.7271076840020451,"[1, 2, 12, 14, 15, 27, 45, 46, 47, 53, 56, 66, 68, 76, 77]",anova,15
Random Forest,True,False,0.6870618706187063,0.6393231830950955,0.6870618706187063,0.6253198406807255,"[1, 2, 12, 14, 15, 27, 45, 46, 47, 53, 56, 66, 68, 76, 77]",anova,15
Random Forest,False,True,0.6931708799298347,0.787483372902288,0.6931708799298347,0.6595125108569767,"[1, 2, 12, 14, 15, 27, 45, 46, 47, 53, 56, 66, 68, 76, 77]",anova,15
Random Forest,False,False,0.999980000099995,0.9999800012998931,0.999980000099995,0.9999800000999679,"[1, 2, 12, 14, 15, 27, 45, 46, 47, 53, 56, 66, 68, 76, 77]",anova,15
GaussianNB,True,True,0.6830106952296499,0.7976391193118211,0.6830106952296499,0.6428182678243719,"[1, 2, 12, 14, 15, 27, 45, 46, 47, 53, 56, 66, 68, 76, 77]",anova,15
GaussianNB,True,False,0.7413194792534714,0.8311684868610202,0.7413194792534714,0.7186415810388036,"[1, 2, 12, 14, 15, 27, 45, 46, 47, 53, 56, 66, 68, 76, 77]",anova,15
GaussianNB,False,True,0.4565099544917571,0.39961162180346554,0.4565099544917571,0.36007445564675783,"[1, 2, 12, 14, 15, 27, 45, 46, 47, 53, 56, 66, 68, 76, 77]",anova,15
GaussianNB,False,False,0.9958299711994539,0.9958670411716994,0.9958299711994539,0.9958298565468224,"[1, 2, 12, 14, 15, 27, 45, 46, 47, 53, 56, 66, 68, 76, 77]",anova,15
Mutilayer Perceptron,True,True,0.4243100917839442,0.33597119113292556,0.4243100917839442,0.36122770092300466,"[1, 2, 12, 14, 15, 27, 45, 46, 47, 53, 56, 66, 68, 76, 77]",anova,15
Mutilayer Perceptron,True,False,0.6038691619291545,0.6206667132501676,0.6038691619291545,0.5969849630034196,"[1, 2, 12, 14, 15, 27, 45, 46, 47, 53, 56, 66, 68, 76, 77]",anova,15
Mutilayer Perceptron,False,True,0.1418205347230169,0.10897050183229674,0.1418205347230169,0.12314868607570943,"[1, 2, 12, 14, 15, 27, 45, 46, 47, 53, 56, 66, 68, 76, 77]",anova,15
Mutilayer Perceptron,False,False,0.999890001899959,0.9998900624615409,0.999890001899959,0.9998900018909415,"[1, 2, 12, 14, 15, 27, 45, 46, 47, 53, 56, 66, 68, 76, 77]",anova,15
KNN,True,True,0.4270692706927069,0.3865779512763357,0.4270692706927069,0.338211863185971,"[1, 2, 12, 14, 15, 27, 32, 41, 44, 45, 46, 47, 53, 56, 66, 67, 68, 76, 77, 78]",anova,20
KNN,True,False,0.8166905428579095,0.8288914506622008,0.8166905428579095,0.8143137280956485,"[1, 2, 12, 14, 15, 27, 32, 41, 44, 45, 46, 47, 53, 56, 66, 67, 68, 76, 77, 78]",anova,20
KNN,False,True,0.45693008109057515,0.23862153138697698,0.45693008109057515,0.3134816081710549,"[1, 2, 12, 14, 15, 27, 32, 41, 44, 45, 46, 47, 53, 56, 66, 67, 68, 76, 77, 78]",anova,20
KNN,False,False,0.999950000099989,0.999950000699947,0.999950000099989,0.9999500000999709,"[1, 2, 12, 14, 15, 27, 32, 41, 44, 45, 46, 47, 53, 56, 66, 67, 68, 76, 77, 78]",anova,20
Decision Tree,True,True,0.5344192615142688,0.5115987525695579,0.5344192615142688,0.4743269383985496,"[1, 2, 12, 14, 15, 27, 32, 41, 44, 45, 46, 47, 53, 56, 66, 67, 68, 76, 77, 78]",anova,20
Decision Tree,True,False,0.48933989339893397,0.31629880609433075,0.48933989339893397,0.3599304049045508,"[1, 2, 12, 14, 15, 27, 32, 41, 44, 45, 46, 47, 53, 56, 66, 67, 68, 76, 77, 78]",anova,20
Decision Tree,False,True,0.8259090951742301,0.8541582433338982,0.8259090951742301,0.8213887968301982,"[1, 2, 12, 14, 15, 27, 32, 41, 44, 45, 46, 47, 53, 56, 66, 67, 68, 76, 77, 78]",anova,20
Decision Tree,False,False,1.0,1.0,1.0,1.0,"[1, 2, 12, 14, 15, 27, 32, 41, 44, 45, 46, 47, 53, 56, 66, 67, 68, 76, 77, 78]",anova,20
Random Forest,True,True,0.7248789956550192,0.791304938046332,0.7248789956550192,0.7032033287257234,"[1, 2, 12, 14, 15, 27, 32, 41, 44, 45, 46, 47, 53, 56, 66, 67, 68, 76, 77, 78]",anova,20
Random Forest,True,False,0.6666016660166602,0.499935021017006,0.6666016660166602,0.5554899993866156,"[1, 2, 12, 14, 15, 27, 32, 41, 44, 45, 46, 47, 53, 56, 66, 67, 68, 76, 77, 78]",anova,20
Random Forest,False,True,0.5897501952159979,0.7282862066003011,0.5897501952159979,0.5162907984207074,"[1, 2, 12, 14, 15, 27, 32, 41, 44, 45, 46, 47, 53, 56, 66, 67, 68, 76, 77, 78]",anova,20
Random Forest,False,False,0.999980000099995,0.9999800012998931,0.999980000099995,0.9999800000999679,"[1, 2, 12, 14, 15, 27, 32, 41, 44, 45, 46, 47, 53, 56, 66, 67, 68, 76, 77, 78]",anova,20
GaussianNB,True,True,0.456859568595686,0.2901423393579186,0.456859568595686,0.34568775042906386,"[1, 2, 12, 14, 15, 27, 32, 41, 44, 45, 46, 47, 53, 56, 66, 67, 68, 76, 77, 78]",anova,20
GaussianNB,True,False,0.6881507466301638,0.80853028211807,0.6881507466301638,0.650673206220659,"[1, 2, 12, 14, 15, 27, 32, 41, 44, 45, 46, 47, 53, 56, 66, 67, 68, 76, 77, 78]",anova,20
GaussianNB,False,True,0.5000000000000001,0.250000000150003,0.5000000000000001,0.333333333422224,"[1, 2, 12, 14, 15, 27, 32, 41, 44, 45, 46, 47, 53, 56, 66, 67, 68, 76, 77, 78]",anova,20
GaussianNB,False,False,0.9991099961998601,0.999110557080319,0.9991099961998601,0.9991099958705849,"[1, 2, 12, 14, 15, 27, 32, 41, 44, 45, 46, 47, 53, 56, 66, 67, 68, 76, 77, 78]",anova,20
Mutilayer Perceptron,True,True,0.5670776549368662,0.5024340158198705,0.5670776549368662,0.5029331024887415,"[1, 2, 12, 14, 15, 27, 32, 41, 44, 45, 46, 47, 53, 56, 66, 67, 68, 76, 77, 78]",anova,20
Mutilayer Perceptron,True,False,0.8229791546730492,0.850544771188908,0.8229791546730492,0.8184705538125739,"[1, 2, 12, 14, 15, 27, 32, 41, 44, 45, 46, 47, 53, 56, 66, 67, 68, 76, 77, 78]",anova,20
Mutilayer Perceptron,False,True,0.3663386633866339,0.1958798707728652,0.3663386633866339,0.2533265985610169,"[1, 2, 12, 14, 15, 27, 32, 41, 44, 45, 46, 47, 53, 56, 66, 67, 68, 76, 77, 78]",anova,20
Mutilayer Perceptron,False,False,0.9998000009999499,0.9998000705552862,0.9998000009999499,0.9998000009891505,"[1, 2, 12, 14, 15, 27, 32, 41, 44, 45, 46, 47, 53, 56, 66, 67, 68, 76, 77, 78]",anova,20
KNN,True,True,0.39239892398923987,0.37702834178387024,0.39239892398923987,0.2725432344615627,"[0, 1, 2, 12, 13, 14, 15, 27, 30, 32, 39, 41, 43, 44, 45, 46, 47, 53, 56, 66, 67, 68, 76, 77, 78]",anova,25
KNN,True,False,0.6798201962340018,0.7063328370078837,0.6798201962340018,0.6690288558667911,"[0, 1, 2, 12, 13, 14, 15, 27, 30, 32, 39, 41, 43, 44, 45, 46, 47, 53, 56, 66, 67, 68, 76, 77, 78]",anova,25
KNN,False,True,0.5424408483000052,0.4146266622188617,0.5424408483000052,0.4300892045785898,"[0, 1, 2, 12, 13, 14, 15, 27, 30, 32, 39, 41, 43, 44, 45, 46, 47, 53, 56, 66, 67, 68, 76, 77, 78]",anova,25
KNN,False,False,0.999950000099989,0.999950000699947,0.999950000099989,0.9999500000999709,"[0, 1, 2, 12, 13, 14, 15, 27, 30, 32, 39, 41, 43, 44, 45, 46, 47, 53, 56, 66, 67, 68, 76, 77, 78]",anova,25
Decision Tree,True,True,0.6187024553991864,0.6220737366638694,0.6187024553991864,0.5970998444895811,"[0, 1, 2, 12, 13, 14, 15, 27, 30, 32, 39, 41, 43, 44, 45, 46, 47, 53, 56, 66, 67, 68, 76, 77, 78]",anova,25
Decision Tree,True,False,0.5931381372372553,0.44898001680279237,0.5931381372372553,0.4782662847350607,"[0, 1, 2, 12, 13, 14, 15, 27, 30, 32, 39, 41, 43, 44, 45, 46, 47, 53, 56, 66, 67, 68, 76, 77, 78]",anova,25
Decision Tree,False,True,0.7765500826544834,0.8118744199365211,0.7765500826544834,0.7700467820194148,"[0, 1, 2, 12, 13, 14, 15, 27, 30, 32, 39, 41, 43, 44, 45, 46, 47, 53, 56, 66, 67, 68, 76, 77, 78]",anova,25
Decision Tree,False,False,0.9998500017999521,0.9998500083987881,0.9998500017999521,0.9998500017996731,"[0, 1, 2, 12, 13, 14, 15, 27, 30, 32, 39, 41, 43, 44, 45, 46, 47, 53, 56, 66, 67, 68, 76, 77, 78]",anova,25
Random Forest,True,True,0.5647910373025852,0.5868077134189976,0.5647910373025852,0.5394691425831346,"[0, 1, 2, 12, 13, 14, 15, 27, 30, 32, 39, 41, 43, 44, 45, 46, 47, 53, 56, 66, 67, 68, 76, 77, 78]",anova,25
Random Forest,True,False,0.502980029800298,0.4799413796123179,0.502980029800298,0.3795718094359151,"[0, 1, 2, 12, 13, 14, 15, 27, 30, 32, 39, 41, 43, 44, 45, 46, 47, 53, 56, 66, 67, 68, 76, 77, 78]",anova,25
Random Forest,False,True,0.5645596205167068,0.7227838970823249,0.5645596205167068,0.46849529251446415,"[0, 1, 2, 12, 13, 14, 15, 27, 30, 32, 39, 41, 43, 44, 45, 46, 47, 53, 56, 66, 67, 68, 76, 77, 78]",anova,25
Random Forest,False,False,0.999980000099995,0.9999800012998931,0.999980000099995,0.9999800000999679,"[0, 1, 2, 12, 13, 14, 15, 27, 30, 32, 39, 41, 43, 44, 45, 46, 47, 53, 56, 66, 67, 68, 76, 77, 78]",anova,25
GaussianNB,True,True,0.5000000000000001,0.250000000150003,0.5000000000000001,0.333333333422224,"[0, 1, 2, 12, 13, 14, 15, 27, 30, 32, 39, 41, 43, 44, 45, 46, 47, 53, 56, 66, 67, 68, 76, 77, 78]",anova,25
GaussianNB,True,False,0.7213002750415097,0.7888171887311185,0.7213002750415097,0.7047699897555146,"[0, 1, 2, 12, 13, 14, 15, 27, 30, 32, 39, 41, 43, 44, 45, 46, 47, 53, 56, 66, 67, 68, 76, 77, 78]",anova,25
GaussianNB,False,True,0.456859568595686,0.2901423393579186,0.456859568595686,0.34568775042906386,"[0, 1, 2, 12, 13, 14, 15, 27, 30, 32, 39, 41, 43, 44, 45, 46, 47, 53, 56, 66, 67, 68, 76, 77, 78]",anova,25
GaussianNB,False,False,0.9991099961998601,0.999110557080319,0.9991099961998601,0.9991099958705849,"[0, 1, 2, 12, 13, 14, 15, 27, 30, 32, 39, 41, 43, 44, 45, 46, 47, 53, 56, 66, 67, 68, 76, 77, 78]",anova,25
Mutilayer Perceptron,True,True,0.6639367197655898,0.4973444555878775,0.6639367197655898,0.5528532336047839,"[0, 1, 2, 12, 13, 14, 15, 27, 30, 32, 39, 41, 43, 44, 45, 46, 47, 53, 56, 66, 67, 68, 76, 77, 78]",anova,25
Mutilayer Perceptron,True,False,0.8060595257659543,0.8310691748105544,0.8060595257659543,0.8016776065931918,"[0, 1, 2, 12, 13, 14, 15, 27, 30, 32, 39, 41, 43, 44, 45, 46, 47, 53, 56, 66, 67, 68, 76, 77, 78]",anova,25
Mutilayer Perceptron,False,True,0.5754488024270655,0.5898795372236728,0.5754488024270655,0.49772540938799664,"[0, 1, 2, 12, 13, 14, 15, 27, 30, 32, 39, 41, 43, 44, 45, 46, 47, 53, 56, 66, 67, 68, 76, 77, 78]",anova,25
Mutilayer Perceptron,False,False,0.999980000099995,0.9999800012998931,0.999980000099995,0.9999800000999679,"[0, 1, 2, 12, 13, 14, 15, 27, 30, 32, 39, 41, 43, 44, 45, 46, 47, 53, 56, 66, 67, 68, 76, 77, 78]",anova,25
KNN,True,True,0.498870022599548,0.24971654490583015,0.498870022599548,0.3328299836966164,"[0, 1, 2, 12, 13, 14, 15, 17, 27, 29, 30, 32, 38, 39, 41, 43, 44, 45, 46, 47, 53, 56, 62, 66, 67, 68, 75, 76, 77, 78]",anova,30
KNN,True,False,0.7785600727549845,0.8152542656902101,0.7785600727549845,0.7719292276187124,"[0, 1, 2, 12, 13, 14, 15, 17, 27, 29, 30, 32, 38, 39, 41, 43, 44, 45, 46, 47, 53, 56, 62, 66, 67, 68, 75, 76, 77, 78]",anova,30
KNN,False,True,0.5552096431146109,0.5795314540267135,0.5552096431146109,0.45689844157427756,"[0, 1, 2, 12, 13, 14, 15, 17, 27, 29, 30, 32, 38, 39, 41, 43, 44, 45, 46, 47, 53, 56, 62, 66, 67, 68, 75, 76, 77, 78]",anova,30
KNN,False,False,0.999950000099989,0.999950000699947,0.999950000099989,0.9999500000999709,"[0, 1, 2, 12, 13, 14, 15, 17, 27, 29, 30, 32, 38, 39, 41, 43, 44, 45, 46, 47, 53, 56, 62, 66, 67, 68, 75, 76, 77, 78]",anova,30
Decision Tree,True,True,0.6263003606216538,0.634700877256796,0.6263003606216538,0.6202044969795801,"[0, 1, 2, 12, 13, 14, 15, 17, 27, 29, 30, 32, 38, 39, 41, 43, 44, 45, 46, 47, 53, 56, 62, 66, 67, 68, 75, 76, 77, 78]",anova,30
Decision Tree,True,False,0.6308093254329076,0.6137204821353884,0.6308093254329076,0.5585790284359217,"[0, 1, 2, 12, 13, 14, 15, 17, 27, 29, 30, 32, 38, 39, 41, 43, 44, 45, 46, 47, 53, 56, 62, 66, 67, 68, 75, 76, 77, 78]",anova,30
Decision Tree,False,True,0.7766700802545315,0.8120631255935574,0.7766700802545315,0.7701604322226263,"[0, 1, 2, 12, 13, 14, 15, 17, 27, 29, 30, 32, 38, 39, 41, 43, 44, 45, 46, 47, 53, 56, 62, 66, 67, 68, 75, 76, 77, 78]",anova,30
Decision Tree,False,False,0.999900000799972,0.999900016395389,0.999900000799972,0.9999000007989282,"[0, 1, 2, 12, 13, 14, 15, 17, 27, 29, 30, 32, 38, 39, 41, 43, 44, 45, 46, 47, 53, 56, 62, 66, 67, 68, 75, 76, 77, 78]",anova,30
Random Forest,True,True,0.6786892327434103,0.7129722196719112,0.6786892327434103,0.6710026368855501,"[0, 1, 2, 12, 13, 14, 15, 17, 27, 29, 30, 32, 38, 39, 41, 43, 44, 45, 46, 47, 53, 56, 62, 66, 67, 68, 75, 76, 77, 78]",anova,30
Random Forest,True,False,0.7238711260335139,0.7962493183175082,0.7238711260335139,0.6982300020359656,"[0, 1, 2, 12, 13, 14, 15, 17, 27, 29, 30, 32, 38, 39, 41, 43, 44, 45, 46, 47, 53, 56, 62, 66, 67, 68, 75, 76, 77, 78]",anova,30
Random Forest,False,True,0.5973195200242637,0.7728081051606269,0.5973195200242637,0.5101602951515998,"[0, 1, 2, 12, 13, 14, 15, 17, 27, 29, 30, 32, 38, 39, 41, 43, 44, 45, 46, 47, 53, 56, 62, 66, 67, 68, 75, 76, 77, 78]",anova,30
Random Forest,False,False,0.999990000199996,0.999990000799936,0.999990000199996,0.999990000199987,"[0, 1, 2, 12, 13, 14, 15, 17, 27, 29, 30, 32, 38, 39, 41, 43, 44, 45, 46, 47, 53, 56, 62, 66, 67, 68, 75, 76, 77, 78]",anova,30
GaussianNB,True,True,0.5000000000000001,0.250000000150003,0.5000000000000001,0.333333333422224,"[0, 1, 2, 12, 13, 14, 15, 17, 27, 29, 30, 32, 38, 39, 41, 43, 44, 45, 46, 47, 53, 56, 62, 66, 67, 68, 75, 76, 77, 78]",anova,30
GaussianNB,True,False,0.6900102747352547,0.8089340530469799,0.6900102747352547,0.6549075257729503,"[0, 1, 2, 12, 13, 14, 15, 17, 27, 29, 30, 32, 38, 39, 41, 43, 44, 45, 46, 47, 53, 56, 62, 66, 67, 68, 75, 76, 77, 78]",anova,30
GaussianNB,False,True,0.4783289766058998,0.4215268971688091,0.4783289766058998,0.4025947038196617,"[0, 1, 2, 12, 13, 14, 15, 17, 27, 29, 30, 32, 38, 39, 41, 43, 44, 45, 46, 47, 53, 56, 62, 66, 67, 68, 75, 76, 77, 78]",anova,30
GaussianNB,False,False,0.9991099961998601,0.999110557080319,0.9991099961998601,0.9991099958705849,"[0, 1, 2, 12, 13, 14, 15, 17, 27, 29, 30, 32, 38, 39, 41, 43, 44, 45, 46, 47, 53, 56, 62, 66, 67, 68, 75, 76, 77, 78]",anova,30
Mutilayer Perceptron,True,True,0.502773559264962,0.5519601133875169,0.502773559264962,0.47042309214510997,"[0, 1, 2, 12, 13, 14, 15, 17, 27, 29, 30, 32, 38, 39, 41, 43, 44, 45, 46, 47, 53, 56, 62, 66, 67, 68, 75, 76, 77, 78]",anova,30
Mutilayer Perceptron,True,False,0.6780800630349857,0.7047497697293942,0.6780800630349857,0.6672237328163498,"[0, 1, 2, 12, 13, 14, 15, 17, 27, 29, 30, 32, 38, 39, 41, 43, 44, 45, 46, 47, 53, 56, 62, 66, 67, 68, 75, 76, 77, 78]",anova,30
Mutilayer Perceptron,False,True,0.450189534894689,0.2569133318070665,0.450189534894689,0.3128453361593963,"[0, 1, 2, 12, 13, 14, 15, 17, 27, 29, 30, 32, 38, 39, 41, 43, 44, 45, 46, 47, 53, 56, 62, 66, 67, 68, 75, 76, 77, 78]",anova,30
Mutilayer Perceptron,False,False,0.999970000299991,0.9999700008999491,0.999970000299991,0.9999700002999728,"[0, 1, 2, 12, 13, 14, 15, 17, 27, 29, 30, 32, 38, 39, 41, 43, 44, 45, 46, 47, 53, 56, 62, 66, 67, 68, 75, 76, 77, 78]",anova,30
KNN,True,True,0.5000000000000001,0.250000000150003,0.5000000000000001,0.333333333422224,"[0, 1, 2, 3, 5, 8, 12, 13, 14, 15, 17, 22, 27, 28, 29, 30, 32, 38, 39, 41, 43, 44, 45, 46, 47, 53, 56, 62, 66, 67, 68, 75, 76, 77, 78]",anova,35
KNN,True,False,0.7164494723485664,0.748153674932721,0.7164494723485664,0.7111524402176036,"[0, 1, 2, 3, 5, 8, 12, 13, 14, 15, 17, 22, 27, 28, 29, 30, 32, 38, 39, 41, 43, 44, 45, 46, 47, 53, 56, 62, 66, 67, 68, 75, 76, 77, 78]",anova,35
KNN,False,True,0.514360176601106,0.42948430016236516,0.514360176601106,0.4018920595070831,"[0, 1, 2, 3, 5, 8, 12, 13, 14, 15, 17, 22, 27, 28, 29, 30, 32, 38, 39, 41, 43, 44, 45, 46, 47, 53, 56, 62, 66, 67, 68, 75, 76, 77, 78]",anova,35
KNN,False,False,0.9999199994999891,0.9999200102974877,0.9999199994999891,0.9999199994992599,"[0, 1, 2, 3, 5, 8, 12, 13, 14, 15, 17, 22, 27, 28, 29, 30, 32, 38, 39, 41, 43, 44, 45, 46, 47, 53, 56, 62, 66, 67, 68, 75, 76, 77, 78]",anova,35
Decision Tree,True,True,0.709231291028936,0.7656362399347613,0.709231291028936,0.6820706659853495,"[0, 1, 2, 3, 5, 8, 12, 13, 14, 15, 17, 22, 27, 28, 29, 30, 32, 38, 39, 41, 43, 44, 45, 46, 47, 53, 56, 62, 66, 67, 68, 75, 76, 77, 78]",anova,35
Decision Tree,True,False,0.9431811318773176,0.9540071090852512,0.9431811318773176,0.9418826509439072,"[0, 1, 2, 3, 5, 8, 12, 13, 14, 15, 17, 22, 27, 28, 29, 30, 32, 38, 39, 41, 43, 44, 45, 46, 47, 53, 56, 62, 66, 67, 68, 75, 76, 77, 78]",anova,35
Decision Tree,False,True,0.7765300824544815,0.8118419095851558,0.7765300824544815,0.7700277574786026,"[0, 1, 2, 3, 5, 8, 12, 13, 14, 15, 17, 22, 27, 28, 29, 30, 32, 38, 39, 41, 43, 44, 45, 46, 47, 53, 56, 62, 66, 67, 68, 75, 76, 77, 78]",anova,35
Decision Tree,False,False,0.999739998899959,0.9997402326458912,0.999739998899959,0.999739998833816,"[0, 1, 2, 3, 5, 8, 12, 13, 14, 15, 17, 22, 27, 28, 29, 30, 32, 38, 39, 41, 43, 44, 45, 46, 47, 53, 56, 62, 66, 67, 68, 75, 76, 77, 78]",anova,35
Random Forest,True,True,0.5640685935268784,0.5928094689959921,0.5640685935268784,0.5314134262003646,"[0, 1, 2, 3, 5, 8, 12, 13, 14, 15, 17, 22, 27, 28, 29, 30, 32, 38, 39, 41, 43, 44, 45, 46, 47, 53, 56, 62, 66, 67, 68, 75, 76, 77, 78]",anova,35
Random Forest,True,False,0.8281282839827858,0.9100500513256073,0.8281282839827858,0.7752972996349111,"[0, 1, 2, 3, 5, 8, 12, 13, 14, 15, 17, 22, 27, 28, 29, 30, 32, 38, 39, 41, 43, 44, 45, 46, 47, 53, 56, 62, 66, 67, 68, 75, 76, 77, 78]",anova,35
Random Forest,False,True,0.5621105455069669,0.7577794735313912,0.5621105455069669,0.45555849954191263,"[0, 1, 2, 3, 5, 8, 12, 13, 14, 15, 17, 22, 27, 28, 29, 30, 32, 38, 39, 41, 43, 44, 45, 46, 47, 53, 56, 62, 66, 67, 68, 75, 76, 77, 78]",anova,35
Random Forest,False,False,0.999980000099995,0.9999800012998931,0.999980000099995,0.9999800000999679,"[0, 1, 2, 3, 5, 8, 12, 13, 14, 15, 17, 22, 27, 28, 29, 30, 32, 38, 39, 41, 43, 44, 45, 46, 47, 53, 56, 62, 66, 67, 68, 75, 76, 77, 78]",anova,35
GaussianNB,True,True,0.5503705247048271,0.43128831598291956,0.5503705247048271,0.4238980509579127,"[0, 1, 2, 3, 5, 8, 12, 13, 14, 15, 17, 22, 27, 28, 29, 30, 32, 38, 39, 41, 43, 44, 45, 46, 47, 53, 56, 62, 66, 67, 68, 75, 76, 77, 78]",anova,35
GaussianNB,True,False,0.7855701962551516,0.8481189587329251,0.7855701962551516,0.7752604087716382,"[0, 1, 2, 3, 5, 8, 12, 13, 14, 15, 17, 22, 27, 28, 29, 30, 32, 38, 39, 41, 43, 44, 45, 46, 47, 53, 56, 62, 66, 67, 68, 75, 76, 77, 78]",anova,35
GaussianNB,False,True,0.3522800707697484,0.3038509333498531,0.3522800707697484,0.3214070365506281,"[0, 1, 2, 3, 5, 8, 12, 13, 14, 15, 17, 22, 27, 28, 29, 30, 32, 38, 39, 41, 43, 44, 45, 46, 47, 53, 56, 62, 66, 67, 68, 75, 76, 77, 78]",anova,35
GaussianNB,False,False,0.9991299960998651,0.9991305474060934,0.9991299960998651,0.9991299957773313,"[0, 1, 2, 3, 5, 8, 12, 13, 14, 15, 17, 22, 27, 28, 29, 30, 32, 38, 39, 41, 43, 44, 45, 46, 47, 53, 56, 62, 66, 67, 68, 75, 76, 77, 78]",anova,35
Mutilayer Perceptron,True,True,0.47811812431438055,0.5511024345278196,0.47811812431438055,0.4374699154268946,"[0, 1, 2, 3, 5, 8, 12, 13, 14, 15, 17, 22, 27, 28, 29, 30, 32, 38, 39, 41, 43, 44, 45, 46, 47, 53, 56, 62, 66, 67, 68, 75, 76, 77, 78]",anova,35
Mutilayer Perceptron,True,False,0.7784500809548804,0.8149300352410821,0.7784500809548804,0.7718511210270386,"[0, 1, 2, 3, 5, 8, 12, 13, 14, 15, 17, 22, 27, 28, 29, 30, 32, 38, 39, 41, 43, 44, 45, 46, 47, 53, 56, 62, 66, 67, 68, 75, 76, 77, 78]",anova,35
Mutilayer Perceptron,False,True,0.5260196782084219,0.5549390183635715,0.5260196782084219,0.5124677520688523,"[0, 1, 2, 3, 5, 8, 12, 13, 14, 15, 17, 22, 27, 28, 29, 30, 32, 38, 39, 41, 43, 44, 45, 46, 47, 53, 56, 62, 66, 67, 68, 75, 76, 77, 78]",anova,35
Mutilayer Perceptron,False,False,0.9999499997999921,0.9999500027996202,0.9999499997999921,0.999949999799875,"[0, 1, 2, 3, 5, 8, 12, 13, 14, 15, 17, 22, 27, 28, 29, 30, 32, 38, 39, 41, 43, 44, 45, 46, 47, 53, 56, 62, 66, 67, 68, 75, 76, 77, 78]",anova,35
KNN,True,True,0.499990000199996,0.24999750012500277,0.499990000199996,0.3333288889777795,"[0, 1, 2, 3, 5, 7, 8, 11, 12, 13, 14, 15, 17, 22, 27, 28, 29, 30, 32, 37, 38, 39, 41, 43, 44, 45, 46, 47, 48, 49, 53, 56, 62, 66, 67, 68, 75, 76, 77, 78]",anova,40
KNN,True,False,0.7992002725571146,0.8349162883656635,0.7992002725571146,0.793425310814225,"[0, 1, 2, 3, 5, 7, 8, 11, 12, 13, 14, 15, 17, 22, 27, 28, 29, 30, 32, 37, 38, 39, 41, 43, 44, 45, 46, 47, 48, 49, 53, 56, 62, 66, 67, 68, 75, 76, 77, 78]",anova,40
KNN,False,True,0.42636928889238496,0.2379660993976581,0.42636928889238496,0.29543968314571917,"[0, 1, 2, 3, 5, 7, 8, 11, 12, 13, 14, 15, 17, 22, 27, 28, 29, 30, 32, 37, 38, 39, 41, 43, 44, 45, 46, 47, 48, 49, 53, 56, 62, 66, 67, 68, 75, 76, 77, 78]",anova,40
KNN,False,False,0.9999199994999891,0.9999200102974877,0.9999199994999891,0.9999199994992599,"[0, 1, 2, 3, 5, 7, 8, 11, 12, 13, 14, 15, 17, 22, 27, 28, 29, 30, 32, 37, 38, 39, 41, 43, 44, 45, 46, 47, 48, 49, 53, 56, 62, 66, 67, 68, 75, 76, 77, 78]",anova,40
Decision Tree,True,True,0.3550010999600006,0.3270976540435397,0.3550010999600006,0.3379973322621297,"[0, 1, 2, 3, 5, 7, 8, 11, 12, 13, 14, 15, 17, 22, 27, 28, 29, 30, 32, 37, 38, 39, 41, 43, 44, 45, 46, 47, 48, 49, 53, 56, 62, 66, 67, 68, 75, 76, 77, 78]",anova,40
Decision Tree,True,False,0.5000000000000001,0.250000000150003,0.5000000000000001,0.333333333422224,"[0, 1, 2, 3, 5, 7, 8, 11, 12, 13, 14, 15, 17, 22, 27, 28, 29, 30, 32, 37, 38, 39, 41, 43, 44, 45, 46, 47, 48, 49, 53, 56, 62, 66, 67, 68, 75, 76, 77, 78]",anova,40
Decision Tree,False,True,0.8411507286609435,0.8644064420235811,0.8411507286609435,0.8368177799071917,"[0, 1, 2, 3, 5, 7, 8, 11, 12, 13, 14, 15, 17, 22, 27, 28, 29, 30, 32, 37, 38, 39, 41, 43, 44, 45, 46, 47, 48, 49, 53, 56, 62, 66, 67, 68, 75, 76, 77, 78]",anova,40
Decision Tree,False,False,0.999910000899973,0.9999100134959239,0.999910000899973,0.999910000899055,"[0, 1, 2, 3, 5, 7, 8, 11, 12, 13, 14, 15, 17, 22, 27, 28, 29, 30, 32, 37, 38, 39, 41, 43, 44, 45, 46, 47, 48, 49, 53, 56, 62, 66, 67, 68, 75, 76, 77, 78]",anova,40
Random Forest,True,True,0.5868592030253416,0.618225857774806,0.5868592030253416,0.5254933840696926,"[0, 1, 2, 3, 5, 7, 8, 11, 12, 13, 14, 15, 17, 22, 27, 28, 29, 30, 32, 37, 38, 39, 41, 43, 44, 45, 46, 47, 48, 49, 53, 56, 62, 66, 67, 68, 75, 76, 77, 78]",anova,40
Random Forest,True,False,0.6449872016569809,0.812346900699791,0.6449872016569809,0.5377775406433704,"[0, 1, 2, 3, 5, 7, 8, 11, 12, 13, 14, 15, 17, 22, 27, 28, 29, 30, 32, 37, 38, 39, 41, 43, 44, 45, 46, 47, 48, 49, 53, 56, 62, 66, 67, 68, 75, 76, 77, 78]",anova,40
Random Forest,False,True,0.5705201808122958,0.6033266388764081,0.5705201808122958,0.4627336409692451,"[0, 1, 2, 3, 5, 7, 8, 11, 12, 13, 14, 15, 17, 22, 27, 28, 29, 30, 32, 37, 38, 39, 41, 43, 44, 45, 46, 47, 48, 49, 53, 56, 62, 66, 67, 68, 75, 76, 77, 78]",anova,40
Random Forest,False,False,0.999980000099995,0.9999800012998931,0.999980000099995,0.9999800000999679,"[0, 1, 2, 3, 5, 7, 8, 11, 12, 13, 14, 15, 17, 22, 27, 28, 29, 30, 32, 37, 38, 39, 41, 43, 44, 45, 46, 47, 48, 49, 53, 56, 62, 66, 67, 68, 75, 76, 77, 78]",anova,40
GaussianNB,True,True,0.4989699896998971,0.24974169941796545,0.4989699896998971,0.3328746106568329,"[0, 1, 2, 3, 5, 7, 8, 11, 12, 13, 14, 15, 17, 22, 27, 28, 29, 30, 32, 37, 38, 39, 41, 43, 44, 45, 46, 47, 48, 49, 53, 56, 62, 66, 67, 68, 75, 76, 77, 78]",anova,40
GaussianNB,True,False,0.92249931499135,0.9452035345982871,0.92249931499135,0.9186781601639854,"[0, 1, 2, 3, 5, 7, 8, 11, 12, 13, 14, 15, 17, 22, 27, 28, 29, 30, 32, 37, 38, 39, 41, 43, 44, 45, 46, 47, 48, 49, 53, 56, 62, 66, 67, 68, 75, 76, 77, 78]",anova,40
GaussianNB,False,True,0.5385877030306873,0.41905727714453517,0.5385877030306873,0.4510932247105354,"[0, 1, 2, 3, 5, 7, 8, 11, 12, 13, 14, 15, 17, 22, 27, 28, 29, 30, 32, 37, 38, 39, 41, 43, 44, 45, 46, 47, 48, 49, 53, 56, 62, 66, 67, 68, 75, 76, 77, 78]",anova,40
GaussianNB,False,False,0.9991299960998651,0.9991305474060934,0.9991299960998651,0.9991299957773313,"[0, 1, 2, 3, 5, 7, 8, 11, 12, 13, 14, 15, 17, 22, 27, 28, 29, 30, 32, 37, 38, 39, 41, 43, 44, 45, 46, 47, 48, 49, 53, 56, 62, 66, 67, 68, 75, 76, 77, 78]",anova,40
Mutilayer Perceptron,True,True,0.4262010931743085,0.4507751590336482,0.4262010931743085,0.4144809820729061,"[0, 1, 2, 3, 5, 7, 8, 11, 12, 13, 14, 15, 17, 22, 27, 28, 29, 30, 32, 37, 38, 39, 41, 43, 44, 45, 46, 47, 48, 49, 53, 56, 62, 66, 67, 68, 75, 76, 77, 78]",anova,40
Mutilayer Perceptron,True,False,0.8137804540582154,0.8333401354050317,0.8137804540582154,0.8098209093105644,"[0, 1, 2, 3, 5, 7, 8, 11, 12, 13, 14, 15, 17, 22, 27, 28, 29, 30, 32, 37, 38, 39, 41, 43, 44, 45, 46, 47, 48, 49, 53, 56, 62, 66, 67, 68, 75, 76, 77, 78]",anova,40
Mutilayer Perceptron,False,True,0.4664222453708307,0.49208698443782267,0.4664222453708307,0.4497734196619096,"[0, 1, 2, 3, 5, 7, 8, 11, 12, 13, 14, 15, 17, 22, 27, 28, 29, 30, 32, 37, 38, 39, 41, 43, 44, 45, 46, 47, 48, 49, 53, 56, 62, 66, 67, 68, 75, 76, 77, 78]",anova,40
Mutilayer Perceptron,False,False,0.999939999699991,0.9999400032995771,0.999939999699991,0.999939999699874,"[0, 1, 2, 3, 5, 7, 8, 11, 12, 13, 14, 15, 17, 22, 27, 28, 29, 30, 32, 37, 38, 39, 41, 43, 44, 45, 46, 47, 48, 49, 53, 56, 62, 66, 67, 68, 75, 76, 77, 78]",anova,40
KNN,True,True,0.499959999599996,0.3124881211293369,0.499959999599996,0.3334220982348368,"[0, 1, 2, 3, 5, 7, 8, 11, 12, 13, 14, 15, 16, 17, 22, 27, 28, 29, 30, 32, 36, 37, 38, 39, 41, 42, 43, 44, 45, 46, 47, 48, 49, 53, 54, 56, 62, 63, 66, 67, 68, 75, 76, 77, 78]",anova,45
KNN,True,False,0.7850601464555474,0.8286810700799349,0.7850601464555474,0.7777944877782287,"[0, 1, 2, 3, 5, 7, 8, 11, 12, 13, 14, 15, 16, 17, 22, 27, 28, 29, 30, 32, 36, 37, 38, 39, 41, 42, 43, 44, 45, 46, 47, 48, 49, 53, 54, 56, 62, 63, 66, 67, 68, 75, 76, 77, 78]",anova,45
KNN,False,True,0.4646987989049507,0.3805790907477801,0.4646987989049507,0.36144476109326423,"[0, 1, 2, 3, 5, 7, 8, 11, 12, 13, 14, 15, 16, 17, 22, 27, 28, 29, 30, 32, 36, 37, 38, 39, 41, 42, 43, 44, 45, 46, 47, 48, 49, 53, 54, 56, 62, 63, 66, 67, 68, 75, 76, 77, 78]",anova,45
KNN,False,False,0.9999299995999901,0.9999300097975308,0.9999299995999901,0.999929999599261,"[0, 1, 2, 3, 5, 7, 8, 11, 12, 13, 14, 15, 16, 17, 22, 27, 28, 29, 30, 32, 36, 37, 38, 39, 41, 42, 43, 44, 45, 46, 47, 48, 49, 53, 54, 56, 62, 63, 66, 67, 68, 75, 76, 77, 78]",anova,45
Decision Tree,True,True,0.5616079332329892,0.5003711977769482,0.5616079332329892,0.5116455950746448,"[0, 1, 2, 3, 5, 7, 8, 11, 12, 13, 14, 15, 16, 17, 22, 27, 28, 29, 30, 32, 36, 37, 38, 39, 41, 42, 43, 44, 45, 46, 47, 48, 49, 53, 54, 56, 62, 63, 66, 67, 68, 75, 76, 77, 78]",anova,45
Decision Tree,True,False,0.493209932099321,0.43364753892032176,0.493209932099321,0.3849073012550847,"[0, 1, 2, 3, 5, 7, 8, 11, 12, 13, 14, 15, 16, 17, 22, 27, 28, 29, 30, 32, 36, 37, 38, 39, 41, 42, 43, 44, 45, 46, 47, 48, 49, 53, 54, 56, 62, 63, 66, 67, 68, 75, 76, 77, 78]",anova,45
Decision Tree,False,True,0.7763700862544115,0.8115919589331453,0.7763700862544115,0.7698763192285413,"[0, 1, 2, 3, 5, 7, 8, 11, 12, 13, 14, 15, 16, 17, 22, 27, 28, 29, 30, 32, 36, 37, 38, 39, 41, 42, 43, 44, 45, 46, 47, 48, 49, 53, 54, 56, 62, 63, 66, 67, 68, 75, 76, 77, 78]",anova,45
Decision Tree,False,False,0.9999300010999749,0.9999300112961298,0.9999300010999749,0.999930001099111,"[0, 1, 2, 3, 5, 7, 8, 11, 12, 13, 14, 15, 16, 17, 22, 27, 28, 29, 30, 32, 36, 37, 38, 39, 41, 42, 43, 44, 45, 46, 47, 48, 49, 53, 54, 56, 62, 63, 66, 67, 68, 75, 76, 77, 78]",anova,45
Random Forest,True,True,0.7725495173593363,0.8142901698263886,0.7725495173593363,0.765521456856472,"[0, 1, 2, 3, 5, 7, 8, 11, 12, 13, 14, 15, 16, 17, 22, 27, 28, 29, 30, 32, 36, 37, 38, 39, 41, 42, 43, 44, 45, 46, 47, 48, 49, 53, 54, 56, 62, 63, 66, 67, 68, 75, 76, 77, 78]",anova,45
Random Forest,True,False,0.6793318641172252,0.6119519901023138,0.6793318641172252,0.6165887229908432,"[0, 1, 2, 3, 5, 7, 8, 11, 12, 13, 14, 15, 16, 17, 22, 27, 28, 29, 30, 32, 36, 37, 38, 39, 41, 42, 43, 44, 45, 46, 47, 48, 49, 53, 54, 56, 62, 63, 66, 67, 68, 75, 76, 77, 78]",anova,45
Random Forest,False,True,0.5759300873143128,0.770452750431768,0.5759300873143128,0.4728128613116102,"[0, 1, 2, 3, 5, 7, 8, 11, 12, 13, 14, 15, 16, 17, 22, 27, 28, 29, 30, 32, 36, 37, 38, 39, 41, 42, 43, 44, 45, 46, 47, 48, 49, 53, 54, 56, 62, 63, 66, 67, 68, 75, 76, 77, 78]",anova,45
Random Forest,False,False,0.999990000199996,0.999990000799936,0.999990000199996,0.999990000199987,"[0, 1, 2, 3, 5, 7, 8, 11, 12, 13, 14, 15, 16, 17, 22, 27, 28, 29, 30, 32, 36, 37, 38, 39, 41, 42, 43, 44, 45, 46, 47, 48, 49, 53, 54, 56, 62, 63, 66, 67, 68, 75, 76, 77, 78]",anova,45
GaussianNB,True,True,0.499309993099931,0.24982714060229902,0.499309993099931,0.33302623682892524,"[0, 1, 2, 3, 5, 7, 8, 11, 12, 13, 14, 15, 16, 17, 22, 27, 28, 29, 30, 32, 36, 37, 38, 39, 41, 42, 43, 44, 45, 46, 47, 48, 49, 53, 54, 56, 62, 63, 66, 67, 68, 75, 76, 77, 78]",anova,45
GaussianNB,True,False,0.9962200398988451,0.9962524458996324,0.9962200398988451,0.9962199194055249,"[0, 1, 2, 3, 5, 7, 8, 11, 12, 13, 14, 15, 16, 17, 22, 27, 28, 29, 30, 32, 36, 37, 38, 39, 41, 42, 43, 44, 45, 46, 47, 48, 49, 53, 54, 56, 62, 63, 66, 67, 68, 75, 76, 77, 78]",anova,45
GaussianNB,False,True,0.5433404364043041,0.40097261775398074,0.5433404364043041,0.4201707293478974,"[0, 1, 2, 3, 5, 7, 8, 11, 12, 13, 14, 15, 16, 17, 22, 27, 28, 29, 30, 32, 36, 37, 38, 39, 41, 42, 43, 44, 45, 46, 47, 48, 49, 53, 54, 56, 62, 63, 66, 67, 68, 75, 76, 77, 78]",anova,45
GaussianNB,False,False,0.9991299960998651,0.9991305474060934,0.9991299960998651,0.9991299957773313,"[0, 1, 2, 3, 5, 7, 8, 11, 12, 13, 14, 15, 16, 17, 22, 27, 28, 29, 30, 32, 36, 37, 38, 39, 41, 42, 43, 44, 45, 46, 47, 48, 49, 53, 54, 56, 62, 63, 66, 67, 68, 75, 76, 77, 78]",anova,45
Mutilayer Perceptron,True,True,0.29750822407726085,0.2069772207945407,0.29750822407726085,0.23862216202150868,"[0, 1, 2, 3, 5, 7, 8, 11, 12, 13, 14, 15, 16, 17, 22, 27, 28, 29, 30, 32, 36, 37, 38, 39, 41, 42, 43, 44, 45, 46, 47, 48, 49, 53, 54, 56, 62, 63, 66, 67, 68, 75, 76, 77, 78]",anova,45
Mutilayer Perceptron,True,False,0.7242205079397647,0.7487399362958719,0.7242205079397647,0.716288258790832,"[0, 1, 2, 3, 5, 7, 8, 11, 12, 13, 14, 15, 16, 17, 22, 27, 28, 29, 30, 32, 36, 37, 38, 39, 41, 42, 43, 44, 45, 46, 47, 48, 49, 53, 54, 56, 62, 63, 66, 67, 68, 75, 76, 77, 78]",anova,45
Mutilayer Perceptron,False,True,0.43013930139301393,0.34581885362549786,0.43013930139301393,0.3680834860394023,"[0, 1, 2, 3, 5, 7, 8, 11, 12, 13, 14, 15, 16, 17, 22, 27, 28, 29, 30, 32, 36, 37, 38, 39, 41, 42, 43, 44, 45, 46, 47, 48, 49, 53, 54, 56, 62, 63, 66, 67, 68, 75, 76, 77, 78]",anova,45
Mutilayer Perceptron,False,False,0.999939999699991,0.9999400032995771,0.999939999699991,0.999939999699874,"[0, 1, 2, 3, 5, 7, 8, 11, 12, 13, 14, 15, 16, 17, 22, 27, 28, 29, 30, 32, 36, 37, 38, 39, 41, 42, 43, 44, 45, 46, 47, 48, 49, 53, 54, 56, 62, 63, 66, 67, 68, 75, 76, 77, 78]",anova,45
KNN,True,True,0.49979999799998004,0.24994998404468918,0.49979999799998004,0.3332444253290034,"[0, 1, 2, 3, 4, 5, 7, 8, 11, 12, 13, 14, 15, 16, 17, 20, 22, 27, 28, 29, 30, 31, 32, 36, 37, 38, 39, 41, 42, 43, 44, 45, 46, 47, 48, 49, 53, 54, 56, 61, 62, 63, 66, 67, 68, 70, 75, 76, 77, 78]",anova,50
KNN,True,False,0.7940300036587695,0.8429281782790833,0.7940300036587695,0.7864523970215499,"[0, 1, 2, 3, 4, 5, 7, 8, 11, 12, 13, 14, 15, 16, 17, 20, 22, 27, 28, 29, 30, 31, 32, 36, 37, 38, 39, 41, 42, 43, 44, 45, 46, 47, 48, 49, 53, 54, 56, 61, 62, 63, 66, 67, 68, 70, 75, 76, 77, 78]",anova,50
KNN,False,True,0.5457785090240656,0.49921077448533574,0.5457785090240656,0.4718778387377807,"[0, 1, 2, 3, 4, 5, 7, 8, 11, 12, 13, 14, 15, 16, 17, 20, 22, 27, 28, 29, 30, 31, 32, 36, 37, 38, 39, 41, 42, 43, 44, 45, 46, 47, 48, 49, 53, 54, 56, 61, 62, 63, 66, 67, 68, 70, 75, 76, 77, 78]",anova,50
KNN,False,False,0.9999199994999891,0.9999200102974877,0.9999199994999891,0.9999199994992599,"[0, 1, 2, 3, 4, 5, 7, 8, 11, 12, 13, 14, 15, 16, 17, 20, 22, 27, 28, 29, 30, 31, 32, 36, 37, 38, 39, 41, 42, 43, 44, 45, 46, 47, 48, 49, 53, 54, 56, 61, 62, 63, 66, 67, 68, 70, 75, 76, 77, 78]",anova,50
Decision Tree,True,True,0.6617589689426623,0.6782854059905331,0.6617589689426623,0.6534980945844335,"[0, 1, 2, 3, 4, 5, 7, 8, 11, 12, 13, 14, 15, 16, 17, 20, 22, 27, 28, 29, 30, 31, 32, 36, 37, 38, 39, 41, 42, 43, 44, 45, 46, 47, 48, 49, 53, 54, 56, 61, 62, 63, 66, 67, 68, 70, 75, 76, 77, 78]",anova,50
Decision Tree,True,False,0.8220682233821798,0.7394215044958532,0.8220682233821798,0.7664998346116234,"[0, 1, 2, 3, 4, 5, 7, 8, 11, 12, 13, 14, 15, 16, 17, 20, 22, 27, 28, 29, 30, 31, 32, 36, 37, 38, 39, 41, 42, 43, 44, 45, 46, 47, 48, 49, 53, 54, 56, 61, 62, 63, 66, 67, 68, 70, 75, 76, 77, 78]",anova,50
Decision Tree,False,True,0.8109893938682592,0.8383169484466025,0.8109893938682592,0.8064067174612638,"[0, 1, 2, 3, 4, 5, 7, 8, 11, 12, 13, 14, 15, 16, 17, 20, 22, 27, 28, 29, 30, 31, 32, 36, 37, 38, 39, 41, 42, 43, 44, 45, 46, 47, 48, 49, 53, 54, 56, 61, 62, 63, 66, 67, 68, 70, 75, 76, 77, 78]",anova,50
Decision Tree,False,False,0.9999200009999739,0.9999200129959669,0.9999200009999739,0.9999200009990741,"[0, 1, 2, 3, 4, 5, 7, 8, 11, 12, 13, 14, 15, 16, 17, 20, 22, 27, 28, 29, 30, 31, 32, 36, 37, 38, 39, 41, 42, 43, 44, 45, 46, 47, 48, 49, 53, 54, 56, 61, 62, 63, 66, 67, 68, 70, 75, 76, 77, 78]",anova,50
Random Forest,True,True,0.7647980364725949,0.7769653380474674,0.7647980364725949,0.7621324779925378,"[0, 1, 2, 3, 4, 5, 7, 8, 11, 12, 13, 14, 15, 16, 17, 20, 22, 27, 28, 29, 30, 31, 32, 36, 37, 38, 39, 41, 42, 43, 44, 45, 46, 47, 48, 49, 53, 54, 56, 61, 62, 63, 66, 67, 68, 70, 75, 76, 77, 78]",anova,50
Random Forest,True,False,0.736258552961722,0.8235754195754152,0.736258552961722,0.6816071087407348,"[0, 1, 2, 3, 4, 5, 7, 8, 11, 12, 13, 14, 15, 16, 17, 20, 22, 27, 28, 29, 30, 31, 32, 36, 37, 38, 39, 41, 42, 43, 44, 45, 46, 47, 48, 49, 53, 54, 56, 61, 62, 63, 66, 67, 68, 70, 75, 76, 77, 78]",anova,50
Random Forest,False,True,0.5233602219024531,0.5874936811715218,0.5233602219024531,0.3802593610576392,"[0, 1, 2, 3, 4, 5, 7, 8, 11, 12, 13, 14, 15, 16, 17, 20, 22, 27, 28, 29, 30, 31, 32, 36, 37, 38, 39, 41, 42, 43, 44, 45, 46, 47, 48, 49, 53, 54, 56, 61, 62, 63, 66, 67, 68, 70, 75, 76, 77, 78]",anova,50
Random Forest,False,False,0.999980000099995,0.9999800012998931,0.999980000099995,0.9999800000999679,"[0, 1, 2, 3, 4, 5, 7, 8, 11, 12, 13, 14, 15, 16, 17, 20, 22, 27, 28, 29, 30, 31, 32, 36, 37, 38, 39, 41, 42, 43, 44, 45, 46, 47, 48, 49, 53, 54, 56, 61, 62, 63, 66, 67, 68, 70, 75, 76, 77, 78]",anova,50
GaussianNB,True,True,0.5000000000000001,0.250000000150003,0.5000000000000001,0.333333333422224,"[0, 1, 2, 3, 4, 5, 7, 8, 11, 12, 13, 14, 15, 16, 17, 20, 22, 27, 28, 29, 30, 31, 32, 36, 37, 38, 39, 41, 42, 43, 44, 45, 46, 47, 48, 49, 53, 54, 56, 61, 62, 63, 66, 67, 68, 70, 75, 76, 77, 78]",anova,50
GaussianNB,True,False,0.9156091674914469,0.9366847039205527,0.9156091674914469,0.9115388993589809,"[0, 1, 2, 3, 4, 5, 7, 8, 11, 12, 13, 14, 15, 16, 17, 20, 22, 27, 28, 29, 30, 31, 32, 36, 37, 38, 39, 41, 42, 43, 44, 45, 46, 47, 48, 49, 53, 54, 56, 61, 62, 63, 66, 67, 68, 70, 75, 76, 77, 78]",anova,50
GaussianNB,False,True,0.5248691960130137,0.3924343982997354,0.5248691960130137,0.403425423011975,"[0, 1, 2, 3, 4, 5, 7, 8, 11, 12, 13, 14, 15, 16, 17, 20, 22, 27, 28, 29, 30, 31, 32, 36, 37, 38, 39, 41, 42, 43, 44, 45, 46, 47, 48, 49, 53, 54, 56, 61, 62, 63, 66, 67, 68, 70, 75, 76, 77, 78]",anova,50
GaussianNB,False,False,0.9993799967999081,0.9993802531991909,0.9993799967999081,0.9993799967016979,"[0, 1, 2, 3, 4, 5, 7, 8, 11, 12, 13, 14, 15, 16, 17, 20, 22, 27, 28, 29, 30, 31, 32, 36, 37, 38, 39, 41, 42, 43, 44, 45, 46, 47, 48, 49, 53, 54, 56, 61, 62, 63, 66, 67, 68, 70, 75, 76, 77, 78]",anova,50
Mutilayer Perceptron,True,True,0.3091274345874796,0.3119782267088748,0.3091274345874796,0.26498220563658365,"[0, 1, 2, 3, 4, 5, 7, 8, 11, 12, 13, 14, 15, 16, 17, 20, 22, 27, 28, 29, 30, 31, 32, 36, 37, 38, 39, 41, 42, 43, 44, 45, 46, 47, 48, 49, 53, 54, 56, 61, 62, 63, 66, 67, 68, 70, 75, 76, 77, 78]",anova,50
Mutilayer Perceptron,True,False,0.8025191969685341,0.8174523899689438,0.8025191969685341,0.7981565182019054,"[0, 1, 2, 3, 4, 5, 7, 8, 11, 12, 13, 14, 15, 16, 17, 20, 22, 27, 28, 29, 30, 31, 32, 36, 37, 38, 39, 41, 42, 43, 44, 45, 46, 47, 48, 49, 53, 54, 56, 61, 62, 63, 66, 67, 68, 70, 75, 76, 77, 78]",anova,50
Mutilayer Perceptron,False,True,0.7255703762413517,0.789917604187111,0.7255703762413517,0.7004072211827331,"[0, 1, 2, 3, 4, 5, 7, 8, 11, 12, 13, 14, 15, 16, 17, 20, 22, 27, 28, 29, 30, 31, 32, 36, 37, 38, 39, 41, 42, 43, 44, 45, 46, 47, 48, 49, 53, 54, 56, 61, 62, 63, 66, 67, 68, 70, 75, 76, 77, 78]",anova,50
Mutilayer Perceptron,False,False,0.9999299995999898,0.999930004999234,0.9999299995999898,0.999929999599801,"[0, 1, 2, 3, 4, 5, 7, 8, 11, 12, 13, 14, 15, 16, 17, 20, 22, 27, 28, 29, 30, 31, 32, 36, 37, 38, 39, 41, 42, 43, 44, 45, 46, 47, 48, 49, 53, 54, 56, 61, 62, 63, 66, 67, 68, 70, 75, 76, 77, 78]",anova,50
KNN,True,True,0.49974999749997506,0.24993745261393183,0.49974999749997506,0.33322216672669785,"[0, 1, 2, 3, 4, 5, 6, 7, 8, 11, 12, 13, 14, 15, 16, 17, 18, 20, 22, 25, 26, 27, 28, 29, 30, 31, 32, 36, 37, 38, 39, 41, 42, 43, 44, 45, 46, 47, 48, 49, 53, 54, 56, 61, 62, 63, 64, 66, 67, 68, 70, 75, 76, 77, 78]",anova,55
KNN,True,False,0.7754902112529855,0.8146205441693549,0.7754902112529855,0.7684035395847917,"[0, 1, 2, 3, 4, 5, 6, 7, 8, 11, 12, 13, 14, 15, 16, 17, 18, 20, 22, 25, 26, 27, 28, 29, 30, 31, 32, 36, 37, 38, 39, 41, 42, 43, 44, 45, 46, 47, 48, 49, 53, 54, 56, 61, 62, 63, 64, 66, 67, 68, 70, 75, 76, 77, 78]",anova,55
KNN,False,True,0.538200382903811,0.4121626461704615,0.538200382903811,0.41178106476247,"[0, 1, 2, 3, 4, 5, 6, 7, 8, 11, 12, 13, 14, 15, 16, 17, 18, 20, 22, 25, 26, 27, 28, 29, 30, 31, 32, 36, 37, 38, 39, 41, 42, 43, 44, 45, 46, 47, 48, 49, 53, 54, 56, 61, 62, 63, 64, 66, 67, 68, 70, 75, 76, 77, 78]",anova,55
KNN,False,False,0.999870000499969,0.9998700178945761,0.999870000499969,0.9998700004987272,"[0, 1, 2, 3, 4, 5, 6, 7, 8, 11, 12, 13, 14, 15, 16, 17, 18, 20, 22, 25, 26, 27, 28, 29, 30, 31, 32, 36, 37, 38, 39, 41, 42, 43, 44, 45, 46, 47, 48, 49, 53, 54, 56, 61, 62, 63, 64, 66, 67, 68, 70, 75, 76, 77, 78]",anova,55
Decision Tree,True,True,0.6001810813092231,0.6255601368393774,0.6001810813092231,0.5520888268710115,"[0, 1, 2, 3, 4, 5, 6, 7, 8, 11, 12, 13, 14, 15, 16, 17, 18, 20, 22, 25, 26, 27, 28, 29, 30, 31, 32, 36, 37, 38, 39, 41, 42, 43, 44, 45, 46, 47, 48, 49, 53, 54, 56, 61, 62, 63, 64, 66, 67, 68, 70, 75, 76, 77, 78]",anova,55
Decision Tree,True,False,0.6222285100393453,0.6651164247648995,0.6222285100393453,0.5759961716114227,"[0, 1, 2, 3, 4, 5, 6, 7, 8, 11, 12, 13, 14, 15, 16, 17, 18, 20, 22, 25, 26, 27, 28, 29, 30, 31, 32, 36, 37, 38, 39, 41, 42, 43, 44, 45, 46, 47, 48, 49, 53, 54, 56, 61, 62, 63, 64, 66, 67, 68, 70, 75, 76, 77, 78]",anova,55
Decision Tree,False,True,0.7765500826544834,0.8118744199365211,0.7765500826544834,0.7700467820194148,"[0, 1, 2, 3, 4, 5, 6, 7, 8, 11, 12, 13, 14, 15, 16, 17, 18, 20, 22, 25, 26, 27, 28, 29, 30, 31, 32, 36, 37, 38, 39, 41, 42, 43, 44, 45, 46, 47, 48, 49, 53, 54, 56, 61, 62, 63, 64, 66, 67, 68, 70, 75, 76, 77, 78]",anova,55
Decision Tree,False,False,0.9999300010999749,0.9999300112961298,0.9999300010999749,0.999930001099111,"[0, 1, 2, 3, 4, 5, 6, 7, 8, 11, 12, 13, 14, 15, 16, 17, 18, 20, 22, 25, 26, 27, 28, 29, 30, 31, 32, 36, 37, 38, 39, 41, 42, 43, 44, 45, 46, 47, 48, 49, 53, 54, 56, 61, 62, 63, 64, 66, 67, 68, 70, 75, 76, 77, 78]",anova,55
Random Forest,True,True,0.657971163619958,0.7075390271606317,0.657971163619958,0.6422728654444132,"[0, 1, 2, 3, 4, 5, 6, 7, 8, 11, 12, 13, 14, 15, 16, 17, 18, 20, 22, 25, 26, 27, 28, 29, 30, 31, 32, 36, 37, 38, 39, 41, 42, 43, 44, 45, 46, 47, 48, 49, 53, 54, 56, 61, 62, 63, 64, 66, 67, 68, 70, 75, 76, 77, 78]",anova,55
Random Forest,True,False,0.721171349230742,0.8008632753727339,0.721171349230742,0.6896361076672438,"[0, 1, 2, 3, 4, 5, 6, 7, 8, 11, 12, 13, 14, 15, 16, 17, 18, 20, 22, 25, 26, 27, 28, 29, 30, 31, 32, 36, 37, 38, 39, 41, 42, 43, 44, 45, 46, 47, 48, 49, 53, 54, 56, 61, 62, 63, 64, 66, 67, 68, 70, 75, 76, 77, 78]",anova,55
Random Forest,False,True,0.561080610806108,0.6003777787703585,0.561080610806108,0.4425558472502387,"[0, 1, 2, 3, 4, 5, 6, 7, 8, 11, 12, 13, 14, 15, 16, 17, 18, 20, 22, 25, 26, 27, 28, 29, 30, 31, 32, 36, 37, 38, 39, 41, 42, 43, 44, 45, 46, 47, 48, 49, 53, 54, 56, 61, 62, 63, 64, 66, 67, 68, 70, 75, 76, 77, 78]",anova,55
Random Forest,False,False,0.999980000099995,0.9999800012998931,0.999980000099995,0.9999800000999679,"[0, 1, 2, 3, 4, 5, 6, 7, 8, 11, 12, 13, 14, 15, 16, 17, 18, 20, 22, 25, 26, 27, 28, 29, 30, 31, 32, 36, 37, 38, 39, 41, 42, 43, 44, 45, 46, 47, 48, 49, 53, 54, 56, 61, 62, 63, 64, 66, 67, 68, 70, 75, 76, 77, 78]",anova,55
GaussianNB,True,True,0.4484010319793605,0.2811808874127384,0.4484010319793605,0.33670928372461745,"[0, 1, 2, 3, 4, 5, 6, 7, 8, 11, 12, 13, 14, 15, 16, 17, 18, 20, 22, 25, 26, 27, 28, 29, 30, 31, 32, 36, 37, 38, 39, 41, 42, 43, 44, 45, 46, 47, 48, 49, 53, 54, 56, 61, 62, 63, 64, 66, 67, 68, 70, 75, 76, 77, 78]",anova,55
GaussianNB,True,False,0.994760026498687,0.9948233610822032,0.994760026498687,0.9947597839266492,"[0, 1, 2, 3, 4, 5, 6, 7, 8, 11, 12, 13, 14, 15, 16, 17, 18, 20, 22, 25, 26, 27, 28, 29, 30, 31, 32, 36, 37, 38, 39, 41, 42, 43, 44, 45, 46, 47, 48, 49, 53, 54, 56, 61, 62, 63, 64, 66, 67, 68, 70, 75, 76, 77, 78]",anova,55
GaussianNB,False,True,0.5433504335043351,0.3767478509831385,0.5433504335043351,0.4321930782579617,"[0, 1, 2, 3, 4, 5, 6, 7, 8, 11, 12, 13, 14, 15, 16, 17, 18, 20, 22, 25, 26, 27, 28, 29, 30, 31, 32, 36, 37, 38, 39, 41, 42, 43, 44, 45, 46, 47, 48, 49, 53, 54, 56, 61, 62, 63, 64, 66, 67, 68, 70, 75, 76, 77, 78]",anova,55
GaussianNB,False,False,0.99939999699991,0.9994002126933382,0.99939999699991,0.9993999969250287,"[0, 1, 2, 3, 4, 5, 6, 7, 8, 11, 12, 13, 14, 15, 16, 17, 18, 20, 22, 25, 26, 27, 28, 29, 30, 31, 32, 36, 37, 38, 39, 41, 42, 43, 44, 45, 46, 47, 48, 49, 53, 54, 56, 61, 62, 63, 64, 66, 67, 68, 70, 75, 76, 77, 78]",anova,55
Mutilayer Perceptron,True,True,0.29478952796367824,0.27801269367489384,0.29478952796367824,0.28440941713439793,"[0, 1, 2, 3, 4, 5, 6, 7, 8, 11, 12, 13, 14, 15, 16, 17, 18, 20, 22, 25, 26, 27, 28, 29, 30, 31, 32, 36, 37, 38, 39, 41, 42, 43, 44, 45, 46, 47, 48, 49, 53, 54, 56, 61, 62, 63, 64, 66, 67, 68, 70, 75, 76, 77, 78]",anova,55
Mutilayer Perceptron,True,False,0.7940795868629472,0.8022357567826074,0.7940795868629472,0.7921923609300788,"[0, 1, 2, 3, 4, 5, 6, 7, 8, 11, 12, 13, 14, 15, 16, 17, 18, 20, 22, 25, 26, 27, 28, 29, 30, 31, 32, 36, 37, 38, 39, 41, 42, 43, 44, 45, 46, 47, 48, 49, 53, 54, 56, 61, 62, 63, 64, 66, 67, 68, 70, 75, 76, 77, 78]",anova,55
Mutilayer Perceptron,False,True,0.4148991954910249,0.36600460664461143,0.4148991954910249,0.36849385184193045,"[0, 1, 2, 3, 4, 5, 6, 7, 8, 11, 12, 13, 14, 15, 16, 17, 18, 20, 22, 25, 26, 27, 28, 29, 30, 31, 32, 36, 37, 38, 39, 41, 42, 43, 44, 45, 46, 47, 48, 49, 53, 54, 56, 61, 62, 63, 64, 66, 67, 68, 70, 75, 76, 77, 78]",anova,55
Mutilayer Perceptron,False,False,0.999949999799992,0.999950001599848,0.999949999799992,0.9999499997999649,"[0, 1, 2, 3, 4, 5, 6, 7, 8, 11, 12, 13, 14, 15, 16, 17, 18, 20, 22, 25, 26, 27, 28, 29, 30, 31, 32, 36, 37, 38, 39, 41, 42, 43, 44, 45, 46, 47, 48, 49, 53, 54, 56, 61, 62, 63, 64, 66, 67, 68, 70, 75, 76, 77, 78]",anova,55
KNN,True,True,0.5000000000000001,0.250000000150003,0.5000000000000001,0.333333333422224,"[0, 1, 2, 3, 4, 5, 6, 7, 8, 11, 12, 13, 14, 15, 16, 17, 18, 19, 20, 21, 22, 23, 24, 25, 26, 27, 28, 29, 30, 31, 32, 36, 37, 38, 39, 41, 42, 43, 44, 45, 46, 47, 48, 49, 53, 54, 56, 61, 62, 63, 64, 66, 67, 68, 69, 70, 75, 76, 77, 78]",anova,60
KNN,True,False,0.8265493145721642,0.8493830634975628,0.8265493145721642,0.8228524241623624,"[0, 1, 2, 3, 4, 5, 6, 7, 8, 11, 12, 13, 14, 15, 16, 17, 18, 19, 20, 21, 22, 23, 24, 25, 26, 27, 28, 29, 30, 31, 32, 36, 37, 38, 39, 41, 42, 43, 44, 45, 46, 47, 48, 49, 53, 54, 56, 61, 62, 63, 64, 66, 67, 68, 69, 70, 75, 76, 77, 78]",anova,60
KNN,False,True,0.49090992319895,0.2578890693419887,0.49090992319895,0.3294012832715721,"[0, 1, 2, 3, 4, 5, 6, 7, 8, 11, 12, 13, 14, 15, 16, 17, 18, 19, 20, 21, 22, 23, 24, 25, 26, 27, 28, 29, 30, 31, 32, 36, 37, 38, 39, 41, 42, 43, 44, 45, 46, 47, 48, 49, 53, 54, 56, 61, 62, 63, 64, 66, 67, 68, 69, 70, 75, 76, 77, 78]",anova,60
KNN,False,False,0.999870000499969,0.99987001789472,0.999870000499969,0.9998700004987091,"[0, 1, 2, 3, 4, 5, 6, 7, 8, 11, 12, 13, 14, 15, 16, 17, 18, 19, 20, 21, 22, 23, 24, 25, 26, 27, 28, 29, 30, 31, 32, 36, 37, 38, 39, 41, 42, 43, 44, 45, 46, 47, 48, 49, 53, 54, 56, 61, 62, 63, 64, 66, 67, 68, 69, 70, 75, 76, 77, 78]",anova,60
Decision Tree,True,True,0.6275317466080402,0.6324235685940415,0.6275317466080402,0.6249985398339865,"[0, 1, 2, 3, 4, 5, 6, 7, 8, 11, 12, 13, 14, 15, 16, 17, 18, 19, 20, 21, 22, 23, 24, 25, 26, 27, 28, 29, 30, 31, 32, 36, 37, 38, 39, 41, 42, 43, 44, 45, 46, 47, 48, 49, 53, 54, 56, 61, 62, 63, 64, 66, 67, 68, 69, 70, 75, 76, 77, 78]",anova,60
Decision Tree,True,False,0.6169411694116941,0.5391626694344313,0.6169411694116941,0.5457741600361881,"[0, 1, 2, 3, 4, 5, 6, 7, 8, 11, 12, 13, 14, 15, 16, 17, 18, 19, 20, 21, 22, 23, 24, 25, 26, 27, 28, 29, 30, 31, 32, 36, 37, 38, 39, 41, 42, 43, 44, 45, 46, 47, 48, 49, 53, 54, 56, 61, 62, 63, 64, 66, 67, 68, 69, 70, 75, 76, 77, 78]",anova,60
Decision Tree,False,True,0.841688755280785,0.8661510531569613,0.841688755280785,0.837399412590973,"[0, 1, 2, 3, 4, 5, 6, 7, 8, 11, 12, 13, 14, 15, 16, 17, 18, 19, 20, 21, 22, 23, 24, 25, 26, 27, 28, 29, 30, 31, 32, 36, 37, 38, 39, 41, 42, 43, 44, 45, 46, 47, 48, 49, 53, 54, 56, 61, 62, 63, 64, 66, 67, 68, 69, 70, 75, 76, 77, 78]",anova,60
Decision Tree,False,False,1.0,1.0,1.0,1.0,"[0, 1, 2, 3, 4, 5, 6, 7, 8, 11, 12, 13, 14, 15, 16, 17, 18, 19, 20, 21, 22, 23, 24, 25, 26, 27, 28, 29, 30, 31, 32, 36, 37, 38, 39, 41, 42, 43, 44, 45, 46, 47, 48, 49, 53, 54, 56, 61, 62, 63, 64, 66, 67, 68, 69, 70, 75, 76, 77, 78]",anova,60
Random Forest,True,True,0.7847993266636933,0.8562593632977838,0.7847993266636933,0.7555203206642663,"[0, 1, 2, 3, 4, 5, 6, 7, 8, 11, 12, 13, 14, 15, 16, 17, 18, 19, 20, 21, 22, 23, 24, 25, 26, 27, 28, 29, 30, 31, 32, 36, 37, 38, 39, 41, 42, 43, 44, 45, 46, 47, 48, 49, 53, 54, 56, 61, 62, 63, 64, 66, 67, 68, 69, 70, 75, 76, 77, 78]",anova,60
Random Forest,True,False,0.6572887856436014,0.6124726707519716,0.6572887856436014,0.5926072754916782,"[0, 1, 2, 3, 4, 5, 6, 7, 8, 11, 12, 13, 14, 15, 16, 17, 18, 19, 20, 21, 22, 23, 24, 25, 26, 27, 28, 29, 30, 31, 32, 36, 37, 38, 39, 41, 42, 43, 44, 45, 46, 47, 48, 49, 53, 54, 56, 61, 62, 63, 64, 66, 67, 68, 69, 70, 75, 76, 77, 78]",anova,60
Random Forest,False,True,0.5781394932206957,0.6054522727645882,0.5781394932206957,0.4786054026801037,"[0, 1, 2, 3, 4, 5, 6, 7, 8, 11, 12, 13, 14, 15, 16, 17, 18, 19, 20, 21, 22, 23, 24, 25, 26, 27, 28, 29, 30, 31, 32, 36, 37, 38, 39, 41, 42, 43, 44, 45, 46, 47, 48, 49, 53, 54, 56, 61, 62, 63, 64, 66, 67, 68, 69, 70, 75, 76, 77, 78]",anova,60
Random Forest,False,False,0.999980000099995,0.9999800012998931,0.999980000099995,0.9999800000999679,"[0, 1, 2, 3, 4, 5, 6, 7, 8, 11, 12, 13, 14, 15, 16, 17, 18, 19, 20, 21, 22, 23, 24, 25, 26, 27, 28, 29, 30, 31, 32, 36, 37, 38, 39, 41, 42, 43, 44, 45, 46, 47, 48, 49, 53, 54, 56, 61, 62, 63, 64, 66, 67, 68, 69, 70, 75, 76, 77, 78]",anova,60
GaussianNB,True,True,0.5000000000000001,0.250000000150003,0.5000000000000001,0.333333333422224,"[0, 1, 2, 3, 4, 5, 6, 7, 8, 11, 12, 13, 14, 15, 16, 17, 18, 19, 20, 21, 22, 23, 24, 25, 26, 27, 28, 29, 30, 31, 32, 36, 37, 38, 39, 41, 42, 43, 44, 45, 46, 47, 48, 49, 53, 54, 56, 61, 62, 63, 64, 66, 67, 68, 69, 70, 75, 76, 77, 78]",anova,60
GaussianNB,True,False,0.989090179196026,0.9895267017490514,0.989090179196026,0.9890835765861663,"[0, 1, 2, 3, 4, 5, 6, 7, 8, 11, 12, 13, 14, 15, 16, 17, 18, 19, 20, 21, 22, 23, 24, 25, 26, 27, 28, 29, 30, 31, 32, 36, 37, 38, 39, 41, 42, 43, 44, 45, 46, 47, 48, 49, 53, 54, 56, 61, 62, 63, 64, 66, 67, 68, 69, 70, 75, 76, 77, 78]",anova,60
GaussianNB,False,True,0.3940002962758373,0.3894253582636124,0.3940002962758373,0.38501207417665784,"[0, 1, 2, 3, 4, 5, 6, 7, 8, 11, 12, 13, 14, 15, 16, 17, 18, 19, 20, 21, 22, 23, 24, 25, 26, 27, 28, 29, 30, 31, 32, 36, 37, 38, 39, 41, 42, 43, 44, 45, 46, 47, 48, 49, 53, 54, 56, 61, 62, 63, 64, 66, 67, 68, 69, 70, 75, 76, 77, 78]",anova,60
GaussianNB,False,False,0.999559998599926,0.9995600897313596,0.999559998599926,0.9995599985840142,"[0, 1, 2, 3, 4, 5, 6, 7, 8, 11, 12, 13, 14, 15, 16, 17, 18, 19, 20, 21, 22, 23, 24, 25, 26, 27, 28, 29, 30, 31, 32, 36, 37, 38, 39, 41, 42, 43, 44, 45, 46, 47, 48, 49, 53, 54, 56, 61, 62, 63, 64, 66, 67, 68, 69, 70, 75, 76, 77, 78]",anova,60
Mutilayer Perceptron,True,True,0.5394129755781268,0.609989370928825,0.5394129755781268,0.5120756102444388,"[0, 1, 2, 3, 4, 5, 6, 7, 8, 11, 12, 13, 14, 15, 16, 17, 18, 19, 20, 21, 22, 23, 24, 25, 26, 27, 28, 29, 30, 31, 32, 36, 37, 38, 39, 41, 42, 43, 44, 45, 46, 47, 48, 49, 53, 54, 56, 61, 62, 63, 64, 66, 67, 68, 69, 70, 75, 76, 77, 78]",anova,60
Mutilayer Perceptron,True,False,0.7839999528572714,0.7964657628722794,0.7839999528572714,0.7807547652273689,"[0, 1, 2, 3, 4, 5, 6, 7, 8, 11, 12, 13, 14, 15, 16, 17, 18, 19, 20, 21, 22, 23, 24, 25, 26, 27, 28, 29, 30, 31, 32, 36, 37, 38, 39, 41, 42, 43, 44, 45, 46, 47, 48, 49, 53, 54, 56, 61, 62, 63, 64, 66, 67, 68, 69, 70, 75, 76, 77, 78]",anova,60
Mutilayer Perceptron,False,True,0.516450246100829,0.5569237880425472,0.516450246100829,0.47063465382070707,"[0, 1, 2, 3, 4, 5, 6, 7, 8, 11, 12, 13, 14, 15, 16, 17, 18, 19, 20, 21, 22, 23, 24, 25, 26, 27, 28, 29, 30, 31, 32, 36, 37, 38, 39, 41, 42, 43, 44, 45, 46, 47, 48, 49, 53, 54, 56, 61, 62, 63, 64, 66, 67, 68, 69, 70, 75, 76, 77, 78]",anova,60
Mutilayer Perceptron,False,False,0.9999099993999879,0.9999100119971446,0.9999099993999879,0.9999099993991868,"[0, 1, 2, 3, 4, 5, 6, 7, 8, 11, 12, 13, 14, 15, 16, 17, 18, 19, 20, 21, 22, 23, 24, 25, 26, 27, 28, 29, 30, 31, 32, 36, 37, 38, 39, 41, 42, 43, 44, 45, 46, 47, 48, 49, 53, 54, 56, 61, 62, 63, 64, 66, 67, 68, 69, 70, 75, 76, 77, 78]",anova,60
KNN,True,True,0.49991999859999803,0.34372999469868076,0.49991999859999803,0.33345758852530377,"[0, 1, 2, 3, 4, 5, 6, 7, 8, 9, 10, 11, 12, 13, 14, 15, 16, 17, 18, 19, 20, 21, 22, 23, 24, 25, 26, 27, 28, 29, 30, 31, 32, 36, 37, 38, 39, 40, 41, 42, 43, 44, 45, 46, 47, 48, 49, 53, 54, 55, 56, 61, 62, 63, 64, 66, 67, 68, 69, 70, 74, 75, 76, 77, 78]",anova,65
KNN,True,False,0.7812307750484958,0.7994642802995647,0.7812307750484958,0.7765806522095552,"[0, 1, 2, 3, 4, 5, 6, 7, 8, 9, 10, 11, 12, 13, 14, 15, 16, 17, 18, 19, 20, 21, 22, 23, 24, 25, 26, 27, 28, 29, 30, 31, 32, 36, 37, 38, 39, 40, 41, 42, 43, 44, 45, 46, 47, 48, 49, 53, 54, 55, 56, 61, 62, 63, 64, 66, 67, 68, 69, 70, 74, 75, 76, 77, 78]",anova,65
KNN,False,True,0.495419956899515,0.25928973946607053,0.495419956899515,0.33155040656443346,"[0, 1, 2, 3, 4, 5, 6, 7, 8, 9, 10, 11, 12, 13, 14, 15, 16, 17, 18, 19, 20, 21, 22, 23, 24, 25, 26, 27, 28, 29, 30, 31, 32, 36, 37, 38, 39, 40, 41, 42, 43, 44, 45, 46, 47, 48, 49, 53, 54, 55, 56, 61, 62, 63, 64, 66, 67, 68, 69, 70, 74, 75, 76, 77, 78]",anova,65
KNN,False,False,0.99988000059997,0.9998800149954349,0.99988000059997,0.999880000598926,"[0, 1, 2, 3, 4, 5, 6, 7, 8, 9, 10, 11, 12, 13, 14, 15, 16, 17, 18, 19, 20, 21, 22, 23, 24, 25, 26, 27, 28, 29, 30, 31, 32, 36, 37, 38, 39, 40, 41, 42, 43, 44, 45, 46, 47, 48, 49, 53, 54, 55, 56, 61, 62, 63, 64, 66, 67, 68, 69, 70, 74, 75, 76, 77, 78]",anova,65
Decision Tree,True,True,0.6615991674406454,0.6989946417094016,0.6615991674406454,0.6427731826713591,"[0, 1, 2, 3, 4, 5, 6, 7, 8, 9, 10, 11, 12, 13, 14, 15, 16, 17, 18, 19, 20, 21, 22, 23, 24, 25, 26, 27, 28, 29, 30, 31, 32, 36, 37, 38, 39, 40, 41, 42, 43, 44, 45, 46, 47, 48, 49, 53, 54, 55, 56, 61, 62, 63, 64, 66, 67, 68, 69, 70, 74, 75, 76, 77, 78]",anova,65
Decision Tree,True,False,0.7553398705523625,0.6830174125568408,0.7553398705523625,0.6976087178293158,"[0, 1, 2, 3, 4, 5, 6, 7, 8, 9, 10, 11, 12, 13, 14, 15, 16, 17, 18, 19, 20, 21, 22, 23, 24, 25, 26, 27, 28, 29, 30, 31, 32, 36, 37, 38, 39, 40, 41, 42, 43, 44, 45, 46, 47, 48, 49, 53, 54, 55, 56, 61, 62, 63, 64, 66, 67, 68, 69, 70, 74, 75, 76, 77, 78]",anova,65
Decision Tree,False,True,0.7765700828544855,0.8119069397895373,0.7765700828544855,0.7700658068087219,"[0, 1, 2, 3, 4, 5, 6, 7, 8, 9, 10, 11, 12, 13, 14, 15, 16, 17, 18, 19, 20, 21, 22, 23, 24, 25, 26, 27, 28, 29, 30, 31, 32, 36, 37, 38, 39, 40, 41, 42, 43, 44, 45, 46, 47, 48, 49, 53, 54, 55, 56, 61, 62, 63, 64, 66, 67, 68, 69, 70, 74, 75, 76, 77, 78]",anova,65
Decision Tree,False,False,0.9999799997999981,0.9999800021996861,0.9999799997999981,0.99997999979989,"[0, 1, 2, 3, 4, 5, 6, 7, 8, 9, 10, 11, 12, 13, 14, 15, 16, 17, 18, 19, 20, 21, 22, 23, 24, 25, 26, 27, 28, 29, 30, 31, 32, 36, 37, 38, 39, 40, 41, 42, 43, 44, 45, 46, 47, 48, 49, 53, 54, 55, 56, 61, 62, 63, 64, 66, 67, 68, 69, 70, 74, 75, 76, 77, 78]",anova,65
Random Forest,True,True,0.7076285759557662,0.7181635304564492,0.7076285759557662,0.7054760036942906,"[0, 1, 2, 3, 4, 5, 6, 7, 8, 9, 10, 11, 12, 13, 14, 15, 16, 17, 18, 19, 20, 21, 22, 23, 24, 25, 26, 27, 28, 29, 30, 31, 32, 36, 37, 38, 39, 40, 41, 42, 43, 44, 45, 46, 47, 48, 49, 53, 54, 55, 56, 61, 62, 63, 64, 66, 67, 68, 69, 70, 74, 75, 76, 77, 78]",anova,65
Random Forest,True,False,0.8955403176759313,0.920472582513942,0.8955403176759313,0.8928202682595332,"[0, 1, 2, 3, 4, 5, 6, 7, 8, 9, 10, 11, 12, 13, 14, 15, 16, 17, 18, 19, 20, 21, 22, 23, 24, 25, 26, 27, 28, 29, 30, 31, 32, 36, 37, 38, 39, 40, 41, 42, 43, 44, 45, 46, 47, 48, 49, 53, 54, 55, 56, 61, 62, 63, 64, 66, 67, 68, 69, 70, 74, 75, 76, 77, 78]",anova,65
Random Forest,False,True,0.6006810068100681,0.6102979239225096,0.6006810068100681,0.5113665537923363,"[0, 1, 2, 3, 4, 5, 6, 7, 8, 9, 10, 11, 12, 13, 14, 15, 16, 17, 18, 19, 20, 21, 22, 23, 24, 25, 26, 27, 28, 29, 30, 31, 32, 36, 37, 38, 39, 40, 41, 42, 43, 44, 45, 46, 47, 48, 49, 53, 54, 55, 56, 61, 62, 63, 64, 66, 67, 68, 69, 70, 74, 75, 76, 77, 78]",anova,65
Random Forest,False,False,0.999990000199996,0.999990000799936,0.999990000199996,0.999990000199987,"[0, 1, 2, 3, 4, 5, 6, 7, 8, 9, 10, 11, 12, 13, 14, 15, 16, 17, 18, 19, 20, 21, 22, 23, 24, 25, 26, 27, 28, 29, 30, 31, 32, 36, 37, 38, 39, 40, 41, 42, 43, 44, 45, 46, 47, 48, 49, 53, 54, 55, 56, 61, 62, 63, 64, 66, 67, 68, 69, 70, 74, 75, 76, 77, 78]",anova,65
GaussianNB,True,True,0.5000000000000001,0.250000000150003,0.5000000000000001,0.333333333422224,"[0, 1, 2, 3, 4, 5, 6, 7, 8, 9, 10, 11, 12, 13, 14, 15, 16, 17, 18, 19, 20, 21, 22, 23, 24, 25, 26, 27, 28, 29, 30, 31, 32, 36, 37, 38, 39, 40, 41, 42, 43, 44, 45, 46, 47, 48, 49, 53, 54, 55, 56, 61, 62, 63, 64, 66, 67, 68, 69, 70, 74, 75, 76, 77, 78]",anova,65
GaussianNB,True,False,0.995590072598392,0.9956699858512218,0.995590072598392,0.9955895958383124,"[0, 1, 2, 3, 4, 5, 6, 7, 8, 9, 10, 11, 12, 13, 14, 15, 16, 17, 18, 19, 20, 21, 22, 23, 24, 25, 26, 27, 28, 29, 30, 31, 32, 36, 37, 38, 39, 40, 41, 42, 43, 44, 45, 46, 47, 48, 49, 53, 54, 55, 56, 61, 62, 63, 64, 66, 67, 68, 69, 70, 74, 75, 76, 77, 78]",anova,65
GaussianNB,False,True,0.5000000000000001,0.250000000150003,0.5000000000000001,0.333333333422224,"[0, 1, 2, 3, 4, 5, 6, 7, 8, 9, 10, 11, 12, 13, 14, 15, 16, 17, 18, 19, 20, 21, 22, 23, 24, 25, 26, 27, 28, 29, 30, 31, 32, 36, 37, 38, 39, 40, 41, 42, 43, 44, 45, 46, 47, 48, 49, 53, 54, 55, 56, 61, 62, 63, 64, 66, 67, 68, 69, 70, 74, 75, 76, 77, 78]",anova,65
GaussianNB,False,False,0.999569998699927,0.9995700832395977,0.999569998699927,0.9995699986859954,"[0, 1, 2, 3, 4, 5, 6, 7, 8, 9, 10, 11, 12, 13, 14, 15, 16, 17, 18, 19, 20, 21, 22, 23, 24, 25, 26, 27, 28, 29, 30, 31, 32, 36, 37, 38, 39, 40, 41, 42, 43, 44, 45, 46, 47, 48, 49, 53, 54, 55, 56, 61, 62, 63, 64, 66, 67, 68, 69, 70, 74, 75, 76, 77, 78]",anova,65
Mutilayer Perceptron,True,True,0.5883495770218997,0.6213235802484006,0.5883495770218997,0.5727108355335476,"[0, 1, 2, 3, 4, 5, 6, 7, 8, 9, 10, 11, 12, 13, 14, 15, 16, 17, 18, 19, 20, 21, 22, 23, 24, 25, 26, 27, 28, 29, 30, 31, 32, 36, 37, 38, 39, 40, 41, 42, 43, 44, 45, 46, 47, 48, 49, 53, 54, 55, 56, 61, 62, 63, 64, 66, 67, 68, 69, 70, 74, 75, 76, 77, 78]",anova,65
Mutilayer Perceptron,True,False,0.8114708110541836,0.829393047330241,0.8114708110541836,0.8081155049700214,"[0, 1, 2, 3, 4, 5, 6, 7, 8, 9, 10, 11, 12, 13, 14, 15, 16, 17, 18, 19, 20, 21, 22, 23, 24, 25, 26, 27, 28, 29, 30, 31, 32, 36, 37, 38, 39, 40, 41, 42, 43, 44, 45, 46, 47, 48, 49, 53, 54, 55, 56, 61, 62, 63, 64, 66, 67, 68, 69, 70, 74, 75, 76, 77, 78]",anova,65
Mutilayer Perceptron,False,True,0.5238903850009281,0.467819320574182,0.5238903850009281,0.4340727454571372,"[0, 1, 2, 3, 4, 5, 6, 7, 8, 9, 10, 11, 12, 13, 14, 15, 16, 17, 18, 19, 20, 21, 22, 23, 24, 25, 26, 27, 28, 29, 30, 31, 32, 36, 37, 38, 39, 40, 41, 42, 43, 44, 45, 46, 47, 48, 49, 53, 54, 55, 56, 61, 62, 63, 64, 66, 67, 68, 69, 70, 74, 75, 76, 77, 78]",anova,65
Mutilayer Perceptron,False,False,0.999949999799992,0.9999500063988642,0.999949999799992,0.9999499997996409,"[0, 1, 2, 3, 4, 5, 6, 7, 8, 9, 10, 11, 12, 13, 14, 15, 16, 17, 18, 19, 20, 21, 22, 23, 24, 25, 26, 27, 28, 29, 30, 31, 32, 36, 37, 38, 39, 40, 41, 42, 43, 44, 45, 46, 47, 48, 49, 53, 54, 55, 56, 61, 62, 63, 64, 66, 67, 68, 69, 70, 74, 75, 76, 77, 78]",anova,65
KNN,True,True,0.49970000599988,0.2499249340918719,0.49970000599988,0.33319992271067794,"[0, 1, 2, 3, 4, 5, 6, 7, 8, 9, 10, 11, 12, 13, 14, 15, 16, 17, 18, 19, 20, 21, 22, 23, 24, 25, 26, 27, 28, 29, 30, 31, 32, 36, 37, 38, 39, 40, 41, 42, 43, 44, 45, 46, 47, 48, 49, 53, 54, 55, 56, 60, 61, 62, 63, 64, 65, 66, 67, 68, 69, 70, 71, 72, 73, 74, 75, 76, 77, 78]",anova,70
KNN,True,False,0.7455499565495445,0.7811134442627238,0.7455499565495445,0.7374878460820478,"[0, 1, 2, 3, 4, 5, 6, 7, 8, 9, 10, 11, 12, 13, 14, 15, 16, 17, 18, 19, 20, 21, 22, 23, 24, 25, 26, 27, 28, 29, 30, 31, 32, 36, 37, 38, 39, 40, 41, 42, 43, 44, 45, 46, 47, 48, 49, 53, 54, 55, 56, 60, 61, 62, 63, 64, 65, 66, 67, 68, 69, 70, 71, 72, 73, 74, 75, 76, 77, 78]",anova,70
KNN,False,True,0.48823988239882404,0.3121705874063667,0.48823988239882404,0.3284616039313056,"[0, 1, 2, 3, 4, 5, 6, 7, 8, 9, 10, 11, 12, 13, 14, 15, 16, 17, 18, 19, 20, 21, 22, 23, 24, 25, 26, 27, 28, 29, 30, 31, 32, 36, 37, 38, 39, 40, 41, 42, 43, 44, 45, 46, 47, 48, 49, 53, 54, 55, 56, 60, 61, 62, 63, 64, 65, 66, 67, 68, 69, 70, 71, 72, 73, 74, 75, 76, 77, 78]",anova,70
KNN,False,False,0.99988000059997,0.9998800149954349,0.99988000059997,0.999880000598926,"[0, 1, 2, 3, 4, 5, 6, 7, 8, 9, 10, 11, 12, 13, 14, 15, 16, 17, 18, 19, 20, 21, 22, 23, 24, 25, 26, 27, 28, 29, 30, 31, 32, 36, 37, 38, 39, 40, 41, 42, 43, 44, 45, 46, 47, 48, 49, 53, 54, 55, 56, 60, 61, 62, 63, 64, 65, 66, 67, 68, 69, 70, 71, 72, 73, 74, 75, 76, 77, 78]",anova,70
Decision Tree,True,True,0.5635173055396481,0.5876178473568312,0.5635173055396481,0.547590924920152,"[0, 1, 2, 3, 4, 5, 6, 7, 8, 9, 10, 11, 12, 13, 14, 15, 16, 17, 18, 19, 20, 21, 22, 23, 24, 25, 26, 27, 28, 29, 30, 31, 32, 36, 37, 38, 39, 40, 41, 42, 43, 44, 45, 46, 47, 48, 49, 53, 54, 55, 56, 60, 61, 62, 63, 64, 65, 66, 67, 68, 69, 70, 71, 72, 73, 74, 75, 76, 77, 78]",anova,70
Decision Tree,True,False,0.7235019083256171,0.7372677002385228,0.7235019083256171,0.7179841379335766,"[0, 1, 2, 3, 4, 5, 6, 7, 8, 9, 10, 11, 12, 13, 14, 15, 16, 17, 18, 19, 20, 21, 22, 23, 24, 25, 26, 27, 28, 29, 30, 31, 32, 36, 37, 38, 39, 40, 41, 42, 43, 44, 45, 46, 47, 48, 49, 53, 54, 55, 56, 60, 61, 62, 63, 64, 65, 66, 67, 68, 69, 70, 71, 72, 73, 74, 75, 76, 77, 78]",anova,70
Decision Tree,False,True,0.7489198084516996,0.8028162682372644,0.7489198084516996,0.735889105506093,"[0, 1, 2, 3, 4, 5, 6, 7, 8, 9, 10, 11, 12, 13, 14, 15, 16, 17, 18, 19, 20, 21, 22, 23, 24, 25, 26, 27, 28, 29, 30, 31, 32, 36, 37, 38, 39, 40, 41, 42, 43, 44, 45, 46, 47, 48, 49, 53, 54, 55, 56, 60, 61, 62, 63, 64, 65, 66, 67, 68, 69, 70, 71, 72, 73, 74, 75, 76, 77, 78]",anova,70
Decision Tree,False,False,1.0,1.0,1.0,1.0,"[0, 1, 2, 3, 4, 5, 6, 7, 8, 9, 10, 11, 12, 13, 14, 15, 16, 17, 18, 19, 20, 21, 22, 23, 24, 25, 26, 27, 28, 29, 30, 31, 32, 36, 37, 38, 39, 40, 41, 42, 43, 44, 45, 46, 47, 48, 49, 53, 54, 55, 56, 60, 61, 62, 63, 64, 65, 66, 67, 68, 69, 70, 71, 72, 73, 74, 75, 76, 77, 78]",anova,70
Random Forest,True,True,0.5889409275085131,0.6475749146241362,0.5889409275085131,0.5648775065794989,"[0, 1, 2, 3, 4, 5, 6, 7, 8, 9, 10, 11, 12, 13, 14, 15, 16, 17, 18, 19, 20, 21, 22, 23, 24, 25, 26, 27, 28, 29, 30, 31, 32, 36, 37, 38, 39, 40, 41, 42, 43, 44, 45, 46, 47, 48, 49, 53, 54, 55, 56, 60, 61, 62, 63, 64, 65, 66, 67, 68, 69, 70, 71, 72, 73, 74, 75, 76, 77, 78]",anova,70
Random Forest,True,False,0.8548316847541187,0.8607633179518813,0.8548316847541187,0.8542569172975413,"[0, 1, 2, 3, 4, 5, 6, 7, 8, 9, 10, 11, 12, 13, 14, 15, 16, 17, 18, 19, 20, 21, 22, 23, 24, 25, 26, 27, 28, 29, 30, 31, 32, 36, 37, 38, 39, 40, 41, 42, 43, 44, 45, 46, 47, 48, 49, 53, 54, 55, 56, 60, 61, 62, 63, 64, 65, 66, 67, 68, 69, 70, 71, 72, 73, 74, 75, 76, 77, 78]",anova,70
Random Forest,False,True,0.5296102889030331,0.5359289453142049,0.5296102889030331,0.3973586983336679,"[0, 1, 2, 3, 4, 5, 6, 7, 8, 9, 10, 11, 12, 13, 14, 15, 16, 17, 18, 19, 20, 21, 22, 23, 24, 25, 26, 27, 28, 29, 30, 31, 32, 36, 37, 38, 39, 40, 41, 42, 43, 44, 45, 46, 47, 48, 49, 53, 54, 55, 56, 60, 61, 62, 63, 64, 65, 66, 67, 68, 69, 70, 71, 72, 73, 74, 75, 76, 77, 78]",anova,70
Random Forest,False,False,0.999980000099995,0.9999800012998931,0.999980000099995,0.9999800000999679,"[0, 1, 2, 3, 4, 5, 6, 7, 8, 9, 10, 11, 12, 13, 14, 15, 16, 17, 18, 19, 20, 21, 22, 23, 24, 25, 26, 27, 28, 29, 30, 31, 32, 36, 37, 38, 39, 40, 41, 42, 43, 44, 45, 46, 47, 48, 49, 53, 54, 55, 56, 60, 61, 62, 63, 64, 65, 66, 67, 68, 69, 70, 71, 72, 73, 74, 75, 76, 77, 78]",anova,70
GaussianNB,True,True,0.5000000000000001,0.250000000150003,0.5000000000000001,0.333333333422224,"[0, 1, 2, 3, 4, 5, 6, 7, 8, 9, 10, 11, 12, 13, 14, 15, 16, 17, 18, 19, 20, 21, 22, 23, 24, 25, 26, 27, 28, 29, 30, 31, 32, 36, 37, 38, 39, 40, 41, 42, 43, 44, 45, 46, 47, 48, 49, 53, 54, 55, 56, 60, 61, 62, 63, 64, 65, 66, 67, 68, 69, 70, 71, 72, 73, 74, 75, 76, 77, 78]",anova,70
GaussianNB,True,False,0.9060114450667517,0.9267753191129056,0.9060114450667517,0.9020332397580568,"[0, 1, 2, 3, 4, 5, 6, 7, 8, 9, 10, 11, 12, 13, 14, 15, 16, 17, 18, 19, 20, 21, 22, 23, 24, 25, 26, 27, 28, 29, 30, 31, 32, 36, 37, 38, 39, 40, 41, 42, 43, 44, 45, 46, 47, 48, 49, 53, 54, 55, 56, 60, 61, 62, 63, 64, 65, 66, 67, 68, 69, 70, 71, 72, 73, 74, 75, 76, 77, 78]",anova,70
GaussianNB,False,True,0.4483510329793405,0.2811270858916614,0.4483510329793405,0.3366557552558958,"[0, 1, 2, 3, 4, 5, 6, 7, 8, 9, 10, 11, 12, 13, 14, 15, 16, 17, 18, 19, 20, 21, 22, 23, 24, 25, 26, 27, 28, 29, 30, 31, 32, 36, 37, 38, 39, 40, 41, 42, 43, 44, 45, 46, 47, 48, 49, 53, 54, 55, 56, 60, 61, 62, 63, 64, 65, 66, 67, 68, 69, 70, 71, 72, 73, 74, 75, 76, 77, 78]",anova,70
GaussianNB,False,False,0.999569998699927,0.9995700832395977,0.999569998699927,0.9995699986859954,"[0, 1, 2, 3, 4, 5, 6, 7, 8, 9, 10, 11, 12, 13, 14, 15, 16, 17, 18, 19, 20, 21, 22, 23, 24, 25, 26, 27, 28, 29, 30, 31, 32, 36, 37, 38, 39, 40, 41, 42, 43, 44, 45, 46, 47, 48, 49, 53, 54, 55, 56, 60, 61, 62, 63, 64, 65, 66, 67, 68, 69, 70, 71, 72, 73, 74, 75, 76, 77, 78]",anova,70
Mutilayer Perceptron,True,True,0.47209230807133773,0.48866064404458937,0.47209230807133773,0.46883028662120535,"[0, 1, 2, 3, 4, 5, 6, 7, 8, 9, 10, 11, 12, 13, 14, 15, 16, 17, 18, 19, 20, 21, 22, 23, 24, 25, 26, 27, 28, 29, 30, 31, 32, 36, 37, 38, 39, 40, 41, 42, 43, 44, 45, 46, 47, 48, 49, 53, 54, 55, 56, 60, 61, 62, 63, 64, 65, 66, 67, 68, 69, 70, 71, 72, 73, 74, 75, 76, 77, 78]",anova,70
Mutilayer Perceptron,True,False,0.8085506009557006,0.8176424068595688,0.8085506009557006,0.8065982497744862,"[0, 1, 2, 3, 4, 5, 6, 7, 8, 9, 10, 11, 12, 13, 14, 15, 16, 17, 18, 19, 20, 21, 22, 23, 24, 25, 26, 27, 28, 29, 30, 31, 32, 36, 37, 38, 39, 40, 41, 42, 43, 44, 45, 46, 47, 48, 49, 53, 54, 55, 56, 60, 61, 62, 63, 64, 65, 66, 67, 68, 69, 70, 71, 72, 73, 74, 75, 76, 77, 78]",anova,70
Mutilayer Perceptron,False,True,0.37120151215911873,0.37232263633086343,0.37120151215911873,0.36782531162293636,"[0, 1, 2, 3, 4, 5, 6, 7, 8, 9, 10, 11, 12, 13, 14, 15, 16, 17, 18, 19, 20, 21, 22, 23, 24, 25, 26, 27, 28, 29, 30, 31, 32, 36, 37, 38, 39, 40, 41, 42, 43, 44, 45, 46, 47, 48, 49, 53, 54, 55, 56, 60, 61, 62, 63, 64, 65, 66, 67, 68, 69, 70, 71, 72, 73, 74, 75, 76, 77, 78]",anova,70
Mutilayer Perceptron,False,False,0.999980000099995,0.9999800012998931,0.999980000099995,0.9999800000999679,"[0, 1, 2, 3, 4, 5, 6, 7, 8, 9, 10, 11, 12, 13, 14, 15, 16, 17, 18, 19, 20, 21, 22, 23, 24, 25, 26, 27, 28, 29, 30, 31, 32, 36, 37, 38, 39, 40, 41, 42, 43, 44, 45, 46, 47, 48, 49, 53, 54, 55, 56, 60, 61, 62, 63, 64, 65, 66, 67, 68, 69, 70, 71, 72, 73, 74, 75, 76, 77, 78]",anova,70
KNN,True,True,0.5010700110001041,0.41541497375419906,0.5010700110001041,0.33573293049642033,"[0, 1, 2, 3, 4, 5, 6, 7, 8, 9, 10, 11, 12, 13, 14, 15, 16, 17, 18, 19, 20, 21, 22, 23, 24, 25, 26, 27, 28, 29, 30, 31, 32, 36, 37, 38, 39, 40, 41, 42, 43, 44, 45, 46, 47, 48, 49, 51, 52, 53, 54, 55, 56, 57, 58, 59, 60, 61, 62, 63, 64, 65, 66, 67, 68, 69, 70, 71, 72, 73, 74, 75, 76, 77, 78]",anova,75
KNN,True,False,0.8120694295681181,0.8305073839309354,0.8120694295681181,0.8082868694806408,"[0, 1, 2, 3, 4, 5, 6, 7, 8, 9, 10, 11, 12, 13, 14, 15, 16, 17, 18, 19, 20, 21, 22, 23, 24, 25, 26, 27, 28, 29, 30, 31, 32, 36, 37, 38, 39, 40, 41, 42, 43, 44, 45, 46, 47, 48, 49, 51, 52, 53, 54, 55, 56, 57, 58, 59, 60, 61, 62, 63, 64, 65, 66, 67, 68, 69, 70, 71, 72, 73, 74, 75, 76, 77, 78]",anova,75
KNN,False,True,0.45143951739511395,0.2362089185977416,0.45143951739511395,0.30988665292135226,"[0, 1, 2, 3, 4, 5, 6, 7, 8, 9, 10, 11, 12, 13, 14, 15, 16, 17, 18, 19, 20, 21, 22, 23, 24, 25, 26, 27, 28, 29, 30, 31, 32, 36, 37, 38, 39, 40, 41, 42, 43, 44, 45, 46, 47, 48, 49, 51, 52, 53, 54, 55, 56, 57, 58, 59, 60, 61, 62, 63, 64, 65, 66, 67, 68, 69, 70, 71, 72, 73, 74, 75, 76, 77, 78]",anova,75
KNN,False,False,0.99988000059997,0.9998800149954349,0.99988000059997,0.999880000598926,"[0, 1, 2, 3, 4, 5, 6, 7, 8, 9, 10, 11, 12, 13, 14, 15, 16, 17, 18, 19, 20, 21, 22, 23, 24, 25, 26, 27, 28, 29, 30, 31, 32, 36, 37, 38, 39, 40, 41, 42, 43, 44, 45, 46, 47, 48, 49, 51, 52, 53, 54, 55, 56, 57, 58, 59, 60, 61, 62, 63, 64, 65, 66, 67, 68, 69, 70, 71, 72, 73, 74, 75, 76, 77, 78]",anova,75
Decision Tree,True,True,0.5854108682084002,0.5359946296634506,0.5854108682084002,0.5100900884374531,"[0, 1, 2, 3, 4, 5, 6, 7, 8, 9, 10, 11, 12, 13, 14, 15, 16, 17, 18, 19, 20, 21, 22, 23, 24, 25, 26, 27, 28, 29, 30, 31, 32, 36, 37, 38, 39, 40, 41, 42, 43, 44, 45, 46, 47, 48, 49, 51, 52, 53, 54, 55, 56, 57, 58, 59, 60, 61, 62, 63, 64, 65, 66, 67, 68, 69, 70, 71, 72, 73, 74, 75, 76, 77, 78]",anova,75
Decision Tree,True,False,0.5000000000000001,0.250000000150003,0.5000000000000001,0.333333333422224,"[0, 1, 2, 3, 4, 5, 6, 7, 8, 9, 10, 11, 12, 13, 14, 15, 16, 17, 18, 19, 20, 21, 22, 23, 24, 25, 26, 27, 28, 29, 30, 31, 32, 36, 37, 38, 39, 40, 41, 42, 43, 44, 45, 46, 47, 48, 49, 51, 52, 53, 54, 55, 56, 57, 58, 59, 60, 61, 62, 63, 64, 65, 66, 67, 68, 69, 70, 71, 72, 73, 74, 75, 76, 77, 78]",anova,75
Decision Tree,False,True,0.8180211990516137,0.8632352786470535,0.8180211990516137,0.8068240681476698,"[0, 1, 2, 3, 4, 5, 6, 7, 8, 9, 10, 11, 12, 13, 14, 15, 16, 17, 18, 19, 20, 21, 22, 23, 24, 25, 26, 27, 28, 29, 30, 31, 32, 36, 37, 38, 39, 40, 41, 42, 43, 44, 45, 46, 47, 48, 49, 51, 52, 53, 54, 55, 56, 57, 58, 59, 60, 61, 62, 63, 64, 65, 66, 67, 68, 69, 70, 71, 72, 73, 74, 75, 76, 77, 78]",anova,75
Decision Tree,False,False,1.0,1.0,1.0,1.0,"[0, 1, 2, 3, 4, 5, 6, 7, 8, 9, 10, 11, 12, 13, 14, 15, 16, 17, 18, 19, 20, 21, 22, 23, 24, 25, 26, 27, 28, 29, 30, 31, 32, 36, 37, 38, 39, 40, 41, 42, 43, 44, 45, 46, 47, 48, 49, 51, 52, 53, 54, 55, 56, 57, 58, 59, 60, 61, 62, 63, 64, 65, 66, 67, 68, 69, 70, 71, 72, 73, 74, 75, 76, 77, 78]",anova,75
Random Forest,True,True,0.6831990408462314,0.7202779572099868,0.6831990408462314,0.6775663271686421,"[0, 1, 2, 3, 4, 5, 6, 7, 8, 9, 10, 11, 12, 13, 14, 15, 16, 17, 18, 19, 20, 21, 22, 23, 24, 25, 26, 27, 28, 29, 30, 31, 32, 36, 37, 38, 39, 40, 41, 42, 43, 44, 45, 46, 47, 48, 49, 51, 52, 53, 54, 55, 56, 57, 58, 59, 60, 61, 62, 63, 64, 65, 66, 67, 68, 69, 70, 71, 72, 73, 74, 75, 76, 77, 78]",anova,75
Random Forest,True,False,0.8291214585512389,0.8534053224263459,0.8291214585512389,0.8239704963704163,"[0, 1, 2, 3, 4, 5, 6, 7, 8, 9, 10, 11, 12, 13, 14, 15, 16, 17, 18, 19, 20, 21, 22, 23, 24, 25, 26, 27, 28, 29, 30, 31, 32, 36, 37, 38, 39, 40, 41, 42, 43, 44, 45, 46, 47, 48, 49, 51, 52, 53, 54, 55, 56, 57, 58, 59, 60, 61, 62, 63, 64, 65, 66, 67, 68, 69, 70, 71, 72, 73, 74, 75, 76, 77, 78]",anova,75
Random Forest,False,True,0.5485604898048141,0.6187963445701782,0.5485604898048141,0.43484279604077364,"[0, 1, 2, 3, 4, 5, 6, 7, 8, 9, 10, 11, 12, 13, 14, 15, 16, 17, 18, 19, 20, 21, 22, 23, 24, 25, 26, 27, 28, 29, 30, 31, 32, 36, 37, 38, 39, 40, 41, 42, 43, 44, 45, 46, 47, 48, 49, 51, 52, 53, 54, 55, 56, 57, 58, 59, 60, 61, 62, 63, 64, 65, 66, 67, 68, 69, 70, 71, 72, 73, 74, 75, 76, 77, 78]",anova,75
Random Forest,False,False,0.999980000099995,0.9999800012998931,0.999980000099995,0.9999800000999679,"[0, 1, 2, 3, 4, 5, 6, 7, 8, 9, 10, 11, 12, 13, 14, 15, 16, 17, 18, 19, 20, 21, 22, 23, 24, 25, 26, 27, 28, 29, 30, 31, 32, 36, 37, 38, 39, 40, 41, 42, 43, 44, 45, 46, 47, 48, 49, 51, 52, 53, 54, 55, 56, 57, 58, 59, 60, 61, 62, 63, 64, 65, 66, 67, 68, 69, 70, 71, 72, 73, 74, 75, 76, 77, 78]",anova,75
GaussianNB,True,True,0.5000000000000001,0.250000000150003,0.5000000000000001,0.333333333422224,"[0, 1, 2, 3, 4, 5, 6, 7, 8, 9, 10, 11, 12, 13, 14, 15, 16, 17, 18, 19, 20, 21, 22, 23, 24, 25, 26, 27, 28, 29, 30, 31, 32, 36, 37, 38, 39, 40, 41, 42, 43, 44, 45, 46, 47, 48, 49, 51, 52, 53, 54, 55, 56, 57, 58, 59, 60, 61, 62, 63, 64, 65, 66, 67, 68, 69, 70, 71, 72, 73, 74, 75, 76, 77, 78]",anova,75
GaussianNB,True,False,0.9898399088988791,0.9901801812295926,0.9898399088988791,0.9898361271930449,"[0, 1, 2, 3, 4, 5, 6, 7, 8, 9, 10, 11, 12, 13, 14, 15, 16, 17, 18, 19, 20, 21, 22, 23, 24, 25, 26, 27, 28, 29, 30, 31, 32, 36, 37, 38, 39, 40, 41, 42, 43, 44, 45, 46, 47, 48, 49, 51, 52, 53, 54, 55, 56, 57, 58, 59, 60, 61, 62, 63, 64, 65, 66, 67, 68, 69, 70, 71, 72, 73, 74, 75, 76, 77, 78]",anova,75
GaussianNB,False,True,0.4632106874857673,0.27610333848533136,0.4632106874857673,0.31697888789346695,"[0, 1, 2, 3, 4, 5, 6, 7, 8, 9, 10, 11, 12, 13, 14, 15, 16, 17, 18, 19, 20, 21, 22, 23, 24, 25, 26, 27, 28, 29, 30, 31, 32, 36, 37, 38, 39, 40, 41, 42, 43, 44, 45, 46, 47, 48, 49, 51, 52, 53, 54, 55, 56, 57, 58, 59, 60, 61, 62, 63, 64, 65, 66, 67, 68, 69, 70, 71, 72, 73, 74, 75, 76, 77, 78]",anova,75
GaussianNB,False,False,0.999569998699927,0.9995700832395977,0.999569998699927,0.9995699986859954,"[0, 1, 2, 3, 4, 5, 6, 7, 8, 9, 10, 11, 12, 13, 14, 15, 16, 17, 18, 19, 20, 21, 22, 23, 24, 25, 26, 27, 28, 29, 30, 31, 32, 36, 37, 38, 39, 40, 41, 42, 43, 44, 45, 46, 47, 48, 49, 51, 52, 53, 54, 55, 56, 57, 58, 59, 60, 61, 62, 63, 64, 65, 66, 67, 68, 69, 70, 71, 72, 73, 74, 75, 76, 77, 78]",anova,75
Mutilayer Perceptron,True,True,0.564426928243603,0.44394034739313604,0.564426928243603,0.483785687010086,"[0, 1, 2, 3, 4, 5, 6, 7, 8, 9, 10, 11, 12, 13, 14, 15, 16, 17, 18, 19, 20, 21, 22, 23, 24, 25, 26, 27, 28, 29, 30, 31, 32, 36, 37, 38, 39, 40, 41, 42, 43, 44, 45, 46, 47, 48, 49, 51, 52, 53, 54, 55, 56, 57, 58, 59, 60, 61, 62, 63, 64, 65, 66, 67, 68, 69, 70, 71, 72, 73, 74, 75, 76, 77, 78]",anova,75
Mutilayer Perceptron,True,False,0.7965200447588564,0.8088156266150236,0.7965200447588564,0.7942311496773601,"[0, 1, 2, 3, 4, 5, 6, 7, 8, 9, 10, 11, 12, 13, 14, 15, 16, 17, 18, 19, 20, 21, 22, 23, 24, 25, 26, 27, 28, 29, 30, 31, 32, 36, 37, 38, 39, 40, 41, 42, 43, 44, 45, 46, 47, 48, 49, 51, 52, 53, 54, 55, 56, 57, 58, 59, 60, 61, 62, 63, 64, 65, 66, 67, 68, 69, 70, 71, 72, 73, 74, 75, 76, 77, 78]",anova,75
Mutilayer Perceptron,False,True,0.6206492247318826,0.671529530037365,0.6206492247318826,0.5855313021118115,"[0, 1, 2, 3, 4, 5, 6, 7, 8, 9, 10, 11, 12, 13, 14, 15, 16, 17, 18, 19, 20, 21, 22, 23, 24, 25, 26, 27, 28, 29, 30, 31, 32, 36, 37, 38, 39, 40, 41, 42, 43, 44, 45, 46, 47, 48, 49, 51, 52, 53, 54, 55, 56, 57, 58, 59, 60, 61, 62, 63, 64, 65, 66, 67, 68, 69, 70, 71, 72, 73, 74, 75, 76, 77, 78]",anova,75
Mutilayer Perceptron,False,False,0.999939999699991,0.9999400104974897,0.999939999699991,0.9999399996992439,"[0, 1, 2, 3, 4, 5, 6, 7, 8, 9, 10, 11, 12, 13, 14, 15, 16, 17, 18, 19, 20, 21, 22, 23, 24, 25, 26, 27, 28, 29, 30, 31, 32, 36, 37, 38, 39, 40, 41, 42, 43, 44, 45, 46, 47, 48, 49, 51, 52, 53, 54, 55, 56, 57, 58, 59, 60, 61, 62, 63, 64, 65, 66, 67, 68, 69, 70, 71, 72, 73, 74, 75, 76, 77, 78]",anova,75
